Cuisine,Number of dishes,Total number of reviews,Most reviewed dish,Median number of reviews,Reviews data,Median rating,Ratings data,Dishes,Cuisine
Jamaican,40,2558,Jay's Jerk Chicken,33.5,"33, 96, 14, 212, 34, 120, 40, 52, 78, 65, 41, 20, 16, 43, 115, 8, 79, 7, 60, 89, 6, 10, 78, 1, 32, 59, 1, 27, 14, 295, 10, 81, 32, 0, 1, 2, 20, 20, 515, 132",4.4,"4.4, 4.4, 4.8, 4.6, 4.9, 4.9, 4.6, 4.4, 4.0, 4.4, 4.8, 4.3, 4.7, 4.3, 4.6, 5.0, 4.7, 4.6, 4.2, 4.5, 5.0, 4.7, 3.9, 4.0, 4.2, 4.1, 5.0, 4.7, 4.7, 4.4, 4.3, 4.3, 4.8, 0, 4.0, 3.5, 4.0, 4.4, 4.4, 4.8","Jamaican Saltfish Fritters (Stamp and Go), Sharon's Jamaican Fruit Cake, Jamaican Fried Snapper, Perfect Baked Jerk Chicken, Jerk Marinade Seasoning Rub, Jerk Chicken Wings, Jamaican Cabbage, Jerk Chicken and Pasta, Jamaican Jerk Chicken, Jerk Seasoning, Hummingbird, Jamaican Plantain Tarts, Jamaican Rice and Peas, Hard Do Bread, Jamaican Oxtail with Broad Beans, Jamaican Curry Powder, Jamaican Curry Chicken, Jamaican Curried Goat, We Be Jammin' Jamaican Banana Bread, Boscobel Beach Ginger Cake, Jamaican Cornmeal Porridge, Chef John's Hummingbird Cake, Jerk Pork Chops, Instant Pot® Jamaican Chicken Curry, Runaway Bay Jamaican Chicken, Jamaican Jerked Chicken, Jamaican Oxtail Stew, Hot Banana Salsa, Tanya's Jamaican Spice Bread, A Jerky Chicken, Jerk Chicken Pizza, Joel's Jerk Chicken Pineapple Pasta, Lisa's Jerk Chicken, Bayy's Special Jamaican-Style Oxtail, Instant Pot Jamaican Rice and Beans, Jamaican Jerk Shrimp in Foil, Deviled Eggs with Zip, Grilled Jerk Pork Tenderloin, Jay's Jerk Chicken, Spiced Orange Cranberry Sauce",Jamaican
Brazilian,60,3033,Mom's Stovetop Pork Ribs,7.5,"298, 34, 520, 35, 72, 359, 315, 5, 10, 19, 26, 310, 149, 86, 381, 9, 33, 5, 6, 26, 15, 10, 22, 19, 3, 2, 25, 1, 15, 4, 39, 1, 39, 2, 1, 1, 10, 5, 5, 2, 14, 2, 3, 0, 16, 12, 4, 2, 1, 5, 36, 1, 1, 6, 2, 4, 1, 0, 4, 0",4.3,"4.4, 4.4, 4.6, 4.4, 4.8, 4.3, 4.4, 4.3, 4.9, 4.1, 4.4, 4.4, 4.9, 4.4, 4.7, 4.3, 4.3, 4.3, 5.0, 4.5, 4.6, 4.9, 4.4, 5.0, 3.7, 4.3, 4.7, 1.0, 3.8, 4.2, 4.6, 4.0, 4.2, 4.0, 4.0, 5.0, 4.0, 4.5, 3.1, 3.5, 4.0, 3.0, 4.7, 0, 4.1, 4.1, 3.8, 3.5, 3.0, 4.2, 4.6, 3.0, 5.0, 3.7, 5.0, 4.8, 5.0, 0, 2.8, 0","Brigadeiro, Caipirinha, Mom's Stovetop Pork Ribs, Feijoada (Brazilian Black Bean Stew), Coconut Coconut Milk Cake, Brazilian Chicken with Coconut Milk, Brazilian White Rice, Fried Sweet Bananas, Vinagrete (Brazilian Tomato Slaw), Beijinho de Coco (Coconut Little Kiss), Brazilian Style Flan (Pudim de Leite Condensado), Brazilian Fish Stew, Chef John's Brazilian Fish Stew, Pork and Black Bean Stew, Brazilian Black Bean Stew, Sweet Cornmeal Cake Brazilian-Style, Brazilian Passion Fruit Mousse (Maracuja), Tender Juicy Skirt Steak (Churrasco), Churrascaria-Style Picanha, Brazilian Carrot Cake, Chef John's Pão de Queijo (Brazilian Cheese Bread), Easy Brazilian Black Bean Stew, Brazilian-Style Beef Ribs, Chef John's Brazilian Feijoada, Coxinhas (Brazilian Chicken Croquettes), Moqueca de Peixe Baiana (Brazilian Fish Stew), Brazilian Cheese Rolls (Pão de Queijo), Air Fryer Pão de Queijo, Bolo de Leite Condensado (Brazilian Condensed Milk Cake), Easy Brazilian Spiced Salmon, Black Beans with Bacon, Salpicao de Frango (Brazilian Chicken Salad), Brazilian Coffee Cookies, Brazilian Quentao, Brazilian Collard Greens (Couve a Mineira), Canjica (Brazilian Hominy Pudding), Quindim, Pan de Queso (Brazilian Cheese Buns), Bolo de Fuba Cremoso (Creamy Cornmeal Cake), Caipirinha Cocktail, Brazilian-Style Moist Coconut Cake, Cocada (Brazilian Coconut Sweet), Brazilian Bom-Bocado (Egg Custard), Quick Blender Carrot Cake, Brazilian Banana Bread, Brazilian Whole Banana Pie, Brazilian Style Chocolate Pudding, Brazilian Chicken Stew (Galinha Ensopada), Brazilian Sweet Banana and Rice Dish, Feijoada, Brazilian Collards, Brazilian-Style Carrot Cake with Chocolate Sauce, Brazilian Peanut Fudge, Brazilian Broa (Corn Bread), Brigadeiro Chocolate Delights, Refreshing Brazilian Lemonade, Feijoada Nordestino (Northeastern Brazilian Black Bean Stew), Brigadeiro Dessert, Pao de Queijo (Brazilian Cheese Bread), Instant Pot Bobo de Frango (Brazilian Chicken Stew)",Brazilian
Korean,60,3358,Beef Bulgogi,19.0,"1, 741, 190, 55, 68, 58, 177, 134, 26, 38, 24, 105, 19, 194, 38, 234, 5, 38, 21, 7, 7, 66, 9, 26, 0, 1, 0, 19, 3, 14, 0, 216, 11, 6, 123, 0, 0, 56, 1, 142, 5, 10, 29, 40, 39, 0, 9, 1, 0, 23, 128, 0, 0, 94, 1, 79, 6, 2, 5, 14",4.6,"2.0, 4.8, 4.7, 4.6, 4.5, 4.6, 4.8, 4.7, 4.7, 4.9, 4.5, 4.6, 4.9, 4.6, 4.8, 4.8, 4.7, 4.6, 4.8, 4.3, 4.3, 4.6, 4.4, 4.4, 0, 5.0, 0, 4.6, 3.7, 3.9, 0, 4.6, 4.8, 4.4, 4.5, 0, 0, 4.8, 5.0, 4.4, 4.6, 4.6, 4.6, 4.8, 4.5, 0, 4.7, 5.0, 0, 4.7, 4.0, 0, 0, 4.3, 5.0, 4.3, 4.4, 4.8, 4.7, 4.6","Gochujang Fried Rice, Beef Bulgogi, Korean BBQ Short Ribs (Galbi), Kongnamool (Korean Soybean Sprouts), Kimchi, Bibimbap (Korean Rice With Mixed Vegetables), Kalbi (Korean BBQ Short Ribs), Easy Bulgogi (Korean BBQ Beef), Yummy Korean Glass Noodles (Japchae), Korean Street Toast, Japchae Korean Glass Noodles, Korean Fried Chicken, Mom's Kimchi Egg, Skillet Chicken Bulgogi, Korean BBQ Galbi, Simple Slow-Cooked Korean Beef Soft Tacos, Korean-Style Salad Dressing, Korean Fried Chicken Sauce, Air-Fried Korean Chicken Wings, Quick and Easy Kimchi Salad, Spicy Korean Fried Chicken with Gochujang Sauce, Korean Spicy Marinated Pork (Dae Ji Bool Gogi), Yaki Mandu, Kimchi Jun (Kimchi Pancake) and Dipping Sauce, What is Gochujang and How Do I Cook With It?, Tteokbokki (Korean Spicy Rice Cakes), 13 Super-Flavorful Korean Beef Recipes, Japchae, Korean Tofu and Vegetable Soup, Korean Soft Tofu Stew (Soon Du Bu Jigae), What Is Bulgogi?, Korean Spicy Chicken and Potato (Tak Toritang), Spicy Korean Chicken, Korean Kimchi, Vegetarian Bibimbap, What Is Bibimbap? And How to Build Your Own Beautiful Rice Bowl, The Best Recipes to Make with Kimchi, Ba'corn Cheese Corn, Godeungeo Jorim (Korean Braised Mackerel with Radish), Bulgogi (Korean Barbecued Beef), Fried Kimchi, Easy Sheet Pan Beef Bulgogi, Korean Hot Wings, Bulgogi Beef (Korean-Style Barbecue), Kalbi (Marinated Beef Short Ribs), 12 Super-Flavorful Korean Barbeque Recipes, Korean Cucumber Salad, Jajangmyeon (Vegetarian Korean Black Bean Noodles), 8 Top-Rated Korean Noodle Recipes, Dol Sot Bi Bim Bap, Korean-Style Cucumber Salad, What is Gochugaru?, The Best Korean Chicken Recipes, Chap Chee Noodles, Beef Bulgogi with Dipping Sauce, Bulgogi (Korean BBQ), Instant Pot Galbi (Korean-Style Short Ribs), Korean Doenjang-Jjigae (Soybean Paste Soup), Korean Mandu (Egg Rolls), Spicy Korean Ribs",Korean
Austrian,20,682,German Wiener Schnitzel,14.5,"107, 15, 193, 17, 14, 1, 98, 40, 20, 0, 2, 67, 26, 9, 7, 3, 3, 6, 7, 47",4.300000000000001,"4.7, 4.6, 4.6, 2.9, 4.1, 4.0, 4.4, 4.6, 4.4, 0, 4.0, 3.9, 4.2, 4.2, 4.1, 4.8, 5.0, 4.1, 4.5, 4.6","Vienna Schnitzel, Kaiserschmarrn, German Wiener Schnitzel, Strudel Dough, Sacher Torte, Austrian Linzer Torte, Viennese Crescent Holiday Cookies, Potato Plum Dumplings, Vanille Kipferl II, Tyrolean Nut Cake (Tiroler Nusskuchen), Viennese Chocolate-Nut Cake, Austrian Jam Cookies, Chocolate Black Tea Cake, Raspberry Linzer Cookies, Austrian Peach Cookies II, Linzer Cookies, Kaiserschmarren – Austrian Torn Pancakes, Apple Strudel II, Italian Capezzoli di Venere (Chocolate Truffles of Venus), Linzer Torte Cookies",Austrian
Amish,60,5894,My Amish Friend's Caramel Corn,12.5,"419, 152, 1144, 296, 1260, 58, 29, 594, 114, 146, 12, 64, 136, 40, 22, 9, 6, 515, 15, 5, 7, 12, 17, 13, 14, 0, 33, 38, 49, 3, 20, 55, 21, 5, 24, 88, 317, 0, 54, 21, 3, 0, 3, 5, 3, 9, 11, 0, 1, 1, 5, 0, 6, 3, 7, 2, 3, 3, 1, 1",4.3,"4.7, 4.7, 4.5, 4.7, 4.9, 4.3, 4.8, 4.5, 4.5, 4.3, 4.9, 4.0, 3.9, 4.3, 4.4, 4.9, 4.2, 4.7, 4.7, 5.0, 4.1, 4.1, 4.8, 4.0, 3.5, 0, 4.8, 3.9, 4.5, 5.0, 4.2, 4.2, 4.0, 5.0, 4.6, 4.4, 4.0, 0, 4.6, 4.3, 4.3, 0, 3.7, 5.0, 4.0, 4.1, 4.1, 0, 4.5, 5.0, 4.8, 0, 3.7, 3.3, 3.6, 3.0, 4.0, 4.3, 3.0, 3.0","Best Vinegar Coleslaw, Pennsylvania Dutch Pickled Beets and Eggs, Amish Macaroni Salad, Amish Friendship Bread Starter, My Amish Friend's Caramel Corn, Pennsylvania Dutch Corn Pie, Amish Peanut Butter, Amish Meatloaf, Amish Potato Salad, Amish Friendship Bread I, Amish Buttered Egg Noodles, Amish Sugar Cakes, Amish Casserole, Herman Sourdough Starter, Ground Cherry Pie II, Portzelky (New Year's Cookies), Amish Peach Dumplings, Amish Bread, Amish Custard Cottage Cheese Pie, Amish Baked Oatmeal, Rollkuchen (Mennonite Fritters), Amish Friendship Cake, Amish Tomato Pie, Amish Salisbury Steak, Wet-Bottom Shoofly Pie, Our Most Traditional Amish and Mennonite Recipes, Amish Friendship Banana Nut Bread, Easy Pork and Sauerkraut, Amish Cinnamon Bread, Amish Apple Dumplings, Yellow Pickled Eggs, Amish Hash Browns, Kimberly's Curried Deviled Eggs, Amish Buttermilk Biscuits, Lower Fat Amish Macaroni Salad, Amish Friendship Chocolate Bread, Amish Yumazuti, 7 Ways to Use Your Amish Friendship Bread Starter, Lemon Poppy Seed Amish Friendship Bread, Pumpkin Custard Pie I, Amish Country Casserole, Amish Potato Soup, Amish Butter and Egg Dinner Rolls, Amish Blackberry and Strawberry Baked Oatmeal, Sushi Party, Milk Flitcher Pie, Simple Stovetop Amish Chicken, 13 Heartwarming Amish Breakfasts, Amish Chocolate Cake, Healthier Amish Friendship Bread Starter, Amish Buttermilk Pie, Red Pepper and Cabbage Pickle, Moist Herman Coffee Cake, Amish Chocolate Pudding, Gera's Amish Funny Cake, Quick Banana Nut Cake, Cherry Amish Friendship Bread Cupcakes with Buttercream Frosting, Keufels (Original), Amish Brown Sugar Cake, Amish Cran-Apple Pie",Amish
Southern,60,32354,Grandmother's Buttermilk Cornbread,248.0,"0, 2643, 3183, 850, 858, 1034, 855, 249, 1388, 825, 1212, 563, 229, 361, 5716, 129, 1119, 328, 406, 62, 920, 316, 414, 223, 481, 173, 210, 72, 247, 90, 24, 178, 1141, 144, 210, 110, 5, 593, 129, 347, 655, 454, 430, 59, 225, 133, 49, 122, 90, 378, 84, 266, 456, 93, 85, 310, 142, 55, 148, 83",4.7,"0, 4.8, 4.7, 4.7, 4.7, 4.5, 4.8, 4.8, 4.8, 4.8, 4.7, 4.7, 4.8, 4.5, 4.8, 4.5, 4.5, 4.6, 4.8, 4.8, 4.9, 4.4, 4.7, 4.7, 4.8, 4.7, 4.6, 4.6, 4.7, 4.7, 4.6, 4.6, 4.8, 4.7, 4.7, 4.1, 4.7, 4.6, 4.8, 4.5, 4.7, 4.8, 4.4, 4.9, 4.8, 4.5, 4.6, 4.6, 4.7, 4.7, 4.6, 4.7, 4.7, 4.5, 4.3, 4.7, 4.3, 4.7, 4.2, 4.8","14 Foods Every Southerner Should Have In the Pantry, Sweet Potato Pie, Fresh Southern Peach Cobbler, Best Fried Green Tomatoes, Best Jambalaya, Authentic Louisiana Red Beans and Rice, Southern Pimento Cheese, Southern Coleslaw, Kickin' Collard Greens, Bananas Foster, Chef John's Buttermilk Biscuits, Southern Fried Cabbage, Southern-Style Chocolate Gravy, Chef John's Buttermilk Fried Chicken, Grandmother's Buttermilk Cornbread, Southern Fried Catfish, The Best Chicken Fried Steak, Mardi Gras King Cake, Dave's Low Country Boil, Deep-Fried Turkey, Old Charleston-Style Shrimp and Grits, Fried Okra, Roasted Okra, Southern Fried Apples, Best Bread Pudding with Vanilla Sauce, Southern Fried Chicken Livers, Louisiana Crawfish Étouffée, Chef John's Nashville Hot Chicken, Beignets, Southern-Style Neck Bones, Louisiana Crawfish Boil, Slow Cooker Barbeque Chicken, Smooth Sweet Tea, Oxtails with Gravy, Authentic Cincinnati Chili, Bacon Gravy for Biscuits, The Real Rum Runner, Slow Cooker Creamed Corn, Southern-Style Banana Split Cake, Ground Beef and Cabbage, Texas Sheet Cake, Chef John's Shrimp Étouffée, Easy Red Beans and Rice, Honey BBQ Sauce, Green Tomato Relish, Country Fried Squash, Down Home Chitterlings, Kentucky Bourbon Balls, Grandma Oma's Pickled Okra, Soul Smothered Chicken, Smoked Fish Dip, Simple Grilled Lamb Chops, Sweet Potato Bread, Southern Fried Chicken Gizzards, South Carolina She-Crab Soup, Southern Green Beans, Pepperoni Rolls, Healthy and Delicious Southern Turnip Greens, Southern-Style Buttermilk Fried Chicken, Savannah Seafood Stuffing",Southern
Spanish,60,4511,Classic Spanish Sangria,21.5,"56, 738, 10, 64, 66, 36, 144, 35, 57, 168, 392, 7, 3, 9, 46, 123, 183, 108, 194, 149, 371, 0, 12, 23, 8, 10, 332, 10, 2, 7, 7, 94, 141, 20, 8, 137, 13, 2, 215, 100, 20, 14, 49, 18, 19, 2, 0, 44, 4, 71, 36, 8, 9, 46, 11, 1, 45, 0, 9, 5",4.5,"4.6, 4.6, 4.7, 4.6, 4.4, 4.1, 4.5, 4.6, 4.0, 4.5, 4.7, 4.0, 4.0, 4.3, 4.6, 4.8, 4.4, 4.8, 4.3, 4.4, 4.6, 0, 3.8, 3.8, 4.2, 4.4, 4.5, 4.3, 4.0, 4.3, 4.5, 4.4, 4.5, 4.7, 4.0, 4.5, 5.0, 5.0, 4.7, 4.6, 4.4, 4.7, 4.4, 4.7, 4.3, 4.0, 0, 4.9, 5.0, 4.5, 4.4, 4.0, 4.5, 4.5, 4.8, 5.0, 4.2, 0, 4.4, 5.0","Spanish Garlic Shrimp (Gambas al Ajillo), Classic Spanish Sangria, Spanish Octopus, Chef John's Patatas Bravas, Tortilla Española (Spanish Tortilla), Authentic Paella Valenciana, Fried Empanadas, Bacalao a la Vizcaina (Basque-Style Codfish Stew), Pasta de Sardine, Spanish Potato Omelet, White Peach Sangria, Authentic Patatas Bravas, Canary Island Red Mojo Sauce, Sangria Cocktail, Chef John's Spanish Garlic Soup (Sopa de Ajo), Quick and Easy Paella, Slow Cooker Spanish Beef Stew, Sea Bass à la Michele, Easy Gazpacho, Flan II, Empanadas, What Is Flan?, Rice Cooker Spanish Rice, Basque Cake, Fabada, Calimocho (Kalimotxo), Espinacas con Garbanzos (Spinach with Garbanzo Beans), Kalimotxo (Calimocho), Spanish Rice and Shrimp, Escabeche, Authentic Seafood Paella, Paella, Paella I, Sangria (White), Quince Paste, Spanish Cod, Malaguena Lemon and Dill Vinaigrette, Air Fryer Spanish Tortilla, Avocado and Tuna Tapas, Sangria by the Pros, Spanish-Style Oxtail Stew, Yellow Rice with Vegetables, Sizzling Sherry Shrimp with Garlic, Authentic Paella, Chickpeas and Chorizo, Brown Rice, Chicken, and Chorizo Paella, What Is Romesco and How Do I Make It?, Game Day Sangria, Indian Summer Raspberry Peach Sangria, Mango Gazpacho, Tortilla Española, Simple and Creamy Spanish Flan, Octopus in Tomato Sauce, Maria's Paella, Spanish Gazpacho, Pan Tomaca (Spanish Tomato Bread), Lentil Stew, So Many Ways to Make Sweet Refreshing Horchata, Simple Spanish Rice, Chef John's Romesco Sauce",Spanish
Lebanese,53,1152,Lebanese Chicken and Potatoes,4,"72, 52, 223, 47, 3, 0, 10, 29, 38, 4, 0, 0, 2, 52, 13, 2, 26, 24, 55, 26, 144, 19, 52, 33, 7, 2, 17, 113, 0, 1, 16, 12, 1, 1, 0, 0, 5, 8, 1, 3, 1, 2, 0, 1, 0, 0, 1, 4, 2, 4, 6, 0, 18",4.4,"4.6, 3.9, 4.2, 4.7, 5.0, 0, 4.2, 4.7, 4.6, 4.4, 0, 0, 5.0, 4.4, 4.9, 4.0, 4.6, 4.4, 4.4, 4.6, 4.4, 4.7, 4.2, 4.3, 4.8, 5.0, 4.6, 4.4, 0, 4.5, 4.7, 4.6, 5.0, 5.0, 0, 0, 4.0, 4.3, 4.0, 4.7, 5.0, 3.0, 0, 5.0, 0, 0, 5.0, 3.8, 3.0, 4.7, 3.3, 0, 4.2","Best Hummus, Chicken Shawarma, Lebanese Chicken and Potatoes, Lamb Shawarma, Ma'amoul (Lebanese Date Cookies), Plan a Lebanese Feast for Your Next Dinner Party, Lebanese Chicken Shawarma, Labneh (Lebanese Cream Cheese), Middle Eastern Kibbeh, Labneh (Lebanese Yogurt), Za'atar Bread, Lebanese White Coffee, Homemade Za'atar, Chard Lentil Soup, Lebanese-Style, Instant Pot Lebanese Lentil Soup (Shorbat Adas), Lebanese Easter Cookies, Toum, Authentic Lebanese Fattoush, Lebanese Lemon Lentil Soup, Mediterranean Meat Pies (Sfeeha), Lentil and Green Collard Soup, Muhammara (Roasted Pepper & Walnut Spread), Cilantro and Garlic Potatoes, Lebanese Donair, Kibby (Kibby-Bel-Saneeya), Aunt Louise's Baked Kibbeh, Kibbee Lebanese Style, Kafta (BBQ), 6 Delicious Ways to Love Labneh, the Silky Lebanese Cheese, Sfouf (Lebanese Turmeric Cake), Lebanese Bean Salad, Layali Libnan (Lebanese Nights), Fatayer (Lebanese Meat Pies), Lebanese Zaatar (Za'atar) Bread, 8 Traditional Lebanese Dips and Spreads, 10 Lebanese Salad and Side Dishes Celebrate Fresh Produce, Namoora (Basboosa), Lebanese Fattoush, Mahalabia (Lebanese Cardamom Pudding), Lebanese Fattoush (Bread Salad), Instant Pot Lebanese Lentil and Chard Soup, Anise Sugar Cookies, Rose Water White Coffee, Toum (Lebanese Garlic Spread), Our 6 Best Fattoush Recipes, Lebanese Fatayer, Lebanese 7 Spices, Jiddo's Fatayer Sabanegh (Spinach Triangles), One-Pot Lebanese Chicken and Rice, Manaaeesh Flatbread, Green Beans in Seasoned Tomato Sauce, Fattet Betenjan (Eggplant and Yogurt Salad), Sfoof (Lebanese Semolina Turmeric Cake)",Lebanese
Polish,60,4262,Kielbasa and Cabbage,20.5,"314, 98, 292, 41, 658, 63, 186, 65, 258, 31, 23, 0, 180, 48, 9, 18, 59, 21, 80, 146, 2, 74, 8, 5, 4, 10, 19, 243, 197, 11, 11, 49, 15, 17, 3, 20, 6, 141, 15, 0, 151, 33, 0, 51, 19, 5, 0, 11, 8, 8, 23, 0, 16, 61, 9, 0, 171, 62, 5, 189",4.5,"4.4, 4.1, 4.6, 4.7, 4.6, 4.4, 4.2, 4.9, 4.5, 4.4, 4.3, 0, 4.6, 4.6, 4.8, 4.7, 4.4, 4.6, 3.9, 4.6, 3.0, 4.4, 4.8, 4.9, 5.0, 4.2, 4.8, 4.2, 4.5, 4.3, 4.6, 4.8, 4.7, 4.8, 4.7, 3.7, 4.3, 4.4, 4.6, 0, 4.5, 4.5, 0, 4.7, 4.7, 4.8, 0, 4.3, 4.6, 4.3, 4.2, 5.0, 4.9, 4.5, 4.2, 0, 4.2, 4.2, 4.8, 4.5","Reuben Casserole, Perogies, Polish Noodles (Cottage Cheese and Noodles), Bigos (Hunter's Stew), Kielbasa and Cabbage, Mizeria (Polish Cucumber Salad), Slow Cooker Kielbasa and Beer, Beef and Beet Borscht, Stewed Cabbage, Golabki (Stuffed Cabbage Rolls), Beef and Cabbage (Lazy Golumpki), 17 Polish Recipes to Make Your Grandmother Proud, Easy and Quick Halushki, Paska Bread, Basic Babka, Kruschicki, Lazy Man's Pierogi, Kotlet Schabowy (Polish Breaded Pork Chop), Baked Chicken Reuben, Sweet Polish Sausage, Faworki (Polish Chrusciki), Borscht I, Eastern European Kotlety, Nut Filling for Kolacky Cookies, Chef John's Potato and Cheese Pierogi, Sour Cream Dough for Pierogi, Easy Polish Noodles, Pierogi Casserole, Polish Meat and Potatoes, Polish Gołąbki (Stuffed Cabbage Rolls), Authentic Polish Pickle Soup (Zupa Orgorkowa), Cheese Babka, Bialys, Instant Pot® Haluski with Kielbasa, Plum Butter, Lazy Pierogi, Duck Soup (Czarnina), Slow Cooker Sweet and Sour Kielbasa, Polish Egg Bread, 12 Comforting Polish Cabbage Recipes That Are Family Favorites, Polish Chicken and Dumplings, Klupskies (Polish Burgers), Polish Poppy Seed Cake, Chocolate Babka, Big Ray's White Bean, Kale, and Kielbasa Soup, Easter White Borscht, 9 Quick Polish Recipes Ready in 45 Minutes or Less, Lazy Golumpki (Stuffed Cabbage) Soup, German Wurst Salad, Racuchy z Jablkami (Polish Apple Pancakes), Super Easy Polish Cabbage Rolls, Pierogi (Traditional Polish Dumplings), Chrusciki, Beer Sausage, Kielbasa, I Finally Found My Grandma's Famous Pierogi Recipe, Jam Kolaczki, Polish Reuben Casserole, Polish Sauerkraut and Carrot Salad, Polish Cabbage Noodles",Polish
Norwegian,25,844,Torsk (Scandinavian Cod),15,"33, 173, 28, 26, 13, 2, 9, 13, 16, 33, 303, 5, 23, 0, 8, 28, 25, 28, 15, 14, 21, 1, 14, 8, 5",4.5,"4.8, 4.6, 4.6, 4.5, 4.6, 4.0, 4.9, 4.1, 4.6, 4.5, 4.4, 5.0, 4.8, 0, 4.4, 4.7, 4.3, 4.6, 3.9, 4.4, 4.3, 5.0, 3.9, 4.7, 4.0","Norwegian Potato Lefsa, Pannekaken (Norwegian Pancakes), Potato Klubb (Norwegian Potato Dumplings), Norwegian Butter Sauce (Sandefjordsmor), Original Kumla Recipe from Mom, Kransekake (Norwegian Almond Ring Cake), Norwegian Potato Flatbread (Lefse), Fattigmann, Fårikål, Norwegian Potato Klub, Torsk (Scandinavian Cod), Bjarne's Norwegian Meatballs, Scandinavian Sweetheart Waffles, Scandinavian Christmas Cookies Bring Old-World Tradition to Your Holiday, Lefse, Norwegian Christmas Cabbage, Norwegian Almond Cake, Kringla II, Kringla, Krumkake II, Norwegian Sour Cream and Raisin Pie, Norwegian Cabbage Rolls, Lefse II, Orange Cardamom Krumkake, Norwegian Pfeffernerse",Norwegian
Danish,32,1156,Torsk (Scandinavian Cod),9.0,"48, 110, 52, 303, 160, 65, 15, 0, 8, 12, 110, 18, 5, 18, 6, 0, 6, 0, 21, 86, 1, 4, 20, 2, 8, 10, 1, 7, 0, 0, 60, 0",4.4,"4.4, 4.6, 4.5, 4.4, 4.4, 4.5, 4.7, 0, 4.7, 4.1, 4.2, 4.2, 4.0, 4.6, 4.2, 0, 4.8, 0, 4.9, 4.6, 5.0, 3.5, 4.4, 5.0, 3.9, 3.9, 3.0, 4.0, 5.0, 0, 4.6, 0","Danish Almond Puff, Danish Pastry Apple Bars, Danish Cinnamon Snails, Torsk (Scandinavian Cod), Pebber Nodder (Danish Christmas Cookies), Sour Cream Banana Cake, Dansk Aebleskiver (Danish Doughnuts), Scandinavian Christmas Cookies Bring Old-World Tradition to Your Holiday, Danish Red Cabbage, Aebleskiver (Danish Pancakes), Mansaka, Danish Peppernut Christmas Cookies (Pebernodder), Fastelavnsboller (Fastelavn Buns), Laura's Famous Aebleskiver, Danish Ebelskiver, What Is a Kringle and How Do You Make One?, Dilled Shrimp (Rejer), Danish Butter Cookies, Danish Spiced Rye Bread (Sigtebrod), Danish Oatmeal Cookies, Apple Danish with Crescent Roll Dough, Danish Rugbrod (Rye Bread) for the Bread Machine, Danish Oven Pancake (Aeggekage), Danish Chicken Liver Pate, Speculaas Cookies or Spicy Sinterklass Cakes, Danish Cabbage, Havregrynskugler (Danish Oat Balls), Sugared Danish Butter Cookies with Pecan Halves, Potato Soup with Gravlax Rosettes, Apple Danish Bars, Danish Christmas Red Cabbage, Grandma's Aebleskevers",Danish
Chilean,19,171,Chilean Empanada,7,"14, 31, 17, 12, 13, 5, 7, 0, 12, 10, 1, 17, 3, 4, 1, 7, 15, 2, 0",4.2,"4.3, 4.1, 3.9, 4.5, 4.2, 3.3, 3.6, 0, 4.3, 4.4, 1.0, 4.7, 4.3, 4.1, 5.0, 4.7, 4.2, 4.0, 0","Chilean-Style Sopaipillas, Chilean Empanada, Manjar (Dulce de Leche) from Scratch, Chilean Dobladitas, Pastel de Papas (Chilean Potato Pie), Empanadas Fritas de Queso, Leche Asada, Pastel de Choclo, Porotos Granados (Chilean Bean Stew), Isa's Cola de Mono, Chilean Alfajores, Cazuela de Vaca (Beef and Pumpkin Stew), Lemon Pisco Sour, Gambas Pil Pil (Prawns, Chilean Style), Chilean Pebre, Pisco Sour II, Ajiaco (Beef and Pepper Stew), Creamy Manjar (Dulce de Leche), Pebre",Chilean
Italian,60,54613,World's Best Lasagna,230.0,"642, 18, 32, 3, 0, 0, 6, 0, 0, 3, 0, 0, 0, 32, 0, 20, 7, 39, 1, 0, 1, 2489, 1058, 14532, 824, 351, 3300, 218, 1227, 228, 1782, 170, 1041, 567, 289, 1251, 128, 2535, 666, 2711, 4140, 1605, 166, 347, 196, 232, 216, 61, 848, 814, 867, 2699, 0, 1317, 466, 1912, 127, 723, 1320, 386",4.6,"4.6, 4.9, 4.6, 4.8, 0, 0, 5.0, 0, 0, 4.7, 0, 0, 5.0, 4.3, 0, 4.8, 5.0, 4.7, 4.0, 0, 5.0, 4.8, 4.7, 4.8, 4.8, 4.7, 4.8, 4.8, 4.6, 4.6, 4.8, 4.3, 4.6, 4.7, 4.6, 4.7, 4.6, 4.8, 4.5, 4.6, 4.6, 4.9, 4.2, 4.8, 4.7, 4.4, 4.7, 4.5, 4.2, 4.7, 4.6, 4.5, 0, 4.7, 4.3, 4.6, 4.6, 4.5, 4.7, 4.7","Real Italian Calzones, Real Lasagna Soup, Creamy Wild Mushroom Risotto, Genoise Sponge, What Is Spumoni – And How Is It Different From Ice Cream?, Homemade Pappardelle, Pasta alla Trapanese (Sicilian Tomato Pesto), Baked Italian Sub, Pizza Bianca with Prosciutto, Mediterranean Turkey Meatball Sheet Pan Dinner, Grilled Pizza Bianca, Bruschetta with Mozzarella, Polpette (Italian Meatballs), Seafood Risotto, Italian BLT, Easter Grain Pie, Torta Caprese (Italian Flourless Chocolate Torte), Slow Cooker Tuscan Chicken, Beef Ragu, Instant Pot Tuscan Bean and Sausage Soup, Gnocchi with Pomodoro Sauce, Gourmet Mushroom Risotto, Homemade Spaghetti Sauce with Ground Beef, World's Best Lasagna, Balsamic Bruschetta, Spaghetti Aglio e Olio, Chicken Parmesan, How to Make Perfect Polenta, Pan-Fried Asparagus, Pasta Salad, Chef John's Italian Meatballs, Pesto Pasta, Shrimp Scampi with Pasta, Manicotti, Homemade Lasagna, The Best Meatballs, Italian Baked Meatballs, Super-Delicious Zuppa Toscana, Fried Mozzarella Cheese Sticks, Italian Spaghetti Sauce with Meatballs, Chicken Marsala, Tiramisu, Homemade Four Cheese Ravioli, Panna Cotta, Homemade Sweet Italian Sausage (Mild or Hot), Easy Italian Chicken, Pasta Salad with Homemade Dressing, That Zucchini Spaghetti Stanley Tucci Loves (Spaghetti alla Nerano), Slow Cooker Lasagna, World's Best Pasta Sauce!, Easy Lasagna, Eggplant Parmesan, 27 Types of Pasta and Their Uses, Sausage, Peppers, Onions, and Potato Bake, Easy Homemade Pizza Sauce, Slow Cooker Italian Beef, Balsamic Glaze, Pesto Pasta with Chicken, Italian Sausage, Peppers, and Onions, Rosemary Braised Lamb Shanks",Italian
Vietnamese,60,1449,Vietnamese Aromatic Lamb Chops,11.5,"67, 80, 15, 27, 37, 108, 5, 69, 4, 12, 24, 7, 28, 26, 124, 0, 1, 133, 6, 0, 15, 22, 67, 19, 58, 85, 24, 3, 55, 11, 2, 0, 0, 15, 4, 20, 4, 5, 2, 37, 33, 14, 37, 26, 5, 2, 0, 0, 6, 68, 8, 22, 0, 2, 4, 1, 0, 0, 0, 0",4.4,"4.7, 4.5, 4.7, 4.9, 4.2, 4.4, 4.8, 4.6, 5.0, 4.9, 4.6, 4.4, 4.5, 4.5, 4.5, 0, 2.0, 4.5, 4.0, 0, 4.6, 4.5, 4.4, 4.8, 4.1, 4.2, 4.6, 3.8, 4.6, 4.1, 4.0, 0, 0, 4.3, 4.8, 4.2, 5.0, 4.0, 5.0, 4.5, 4.4, 4.4, 4.5, 4.2, 4.4, 5.0, 5.0, 0, 4.5, 4.4, 4.1, 3.8, 0, 5.0, 4.4, 5.0, 0, 0, 5.0, 0","Bánh Mì, Vermicelli Noodle Bowl, Authentic Vietnamese Spring Rolls (Nem Ran Hay Cha Gio), Roasted Pork Bánh Mì (Vietnamese Sandwich), Thai Chicken Spring Rolls, Beef Pho, Bánh Xèo (Vietnamese Crêpes), Vietnamese Iced Coffee, Spicy Vietnamese Quick-Pickled Vegetables, Vegetarian Pho (Vietnamese Noodle Soup), Vietnamese Spring Rolls With Dipping Sauce, Thit Kho (Caramelized Pork Belly), Banh-Mi Style Vietnamese Baguette, Pickled Daikon Radish and Carrot, Vietnamese Sandwich, What Is Pho and How Do You Make It?, Steamed Vegan Rice Cakes (Banh Bo Hap), Vietnamese Aromatic Lamb Chops, Asian Garlic Beef Cubes (Vietnamese Bo Luc Lac or Shaking Beef), The Easy Way to Make Pho at Home, Cha Gio Vietnamese Egg Rolls, Vietnamese Chicken and Long-Grain Rice Congee, My Chicken Pho Recipe, Day After Thanksgiving Turkey Pho, Vietnamese Beef Pho, Thịt Bò Xào Đậu (Vietnamese Stir-Fried Beef and Green Beans), Banh Mi Burgers, Cao Lầu (Vietnamese Noodle Bowl), Vietnamese Salad Rolls, Vietnamese Lemongrass Chicken Curry, Vietnamese Coffee, 12 Summer Rolls to Cool Down Dinner, Chicken Pho, Vietnamese Stir-Fry, Vietnamese Lemongrass Beef and Noodles, Caramel-Coated Catfish, Nuoc Cham (Vietnamese Spicy Dipping Sauce), Dragon Fruit Shake, Vietnamese Caramel Chicken, Vietnamese Chicken Salad, Bo Nuong Xa, Vietnamese Caramelized Pork, Pho Ga Soup, Nuoc Cham Sauce, Vietnamese Beef and Red Cabbage Bowl, Easy Crispy Vietnamese Shrimp Balls, Vegetable Banh Mi, Gather Friends And Family For A Fun And Easy Summer Roll Party, Vietnamese Lemongrass Meatballs, Vietnamese Style Vegetarian Curry Soup, Vietnamese Pork and Five Spice, Vietnamese Beef And Lettuce Curry, 8 Delicious Banh Mi-Inspired Recipes, Vietnamese Eggplant with Spicy Sauce, Vegetarian Banh Mi Bowls, Vietnamese Egg Coffee, Vietnamese Coconut-Caramel Shrimp (Tom Rim), Instant Pot® Pho, Vietnamese Grilled Pork Skewers, Goi Ga (Vietnamese Chicken and Cabbage Salad)",Vietnamese
Pakistani,26,907,Chicken Jalfrezi,13.5,"10, 364, 73, 67, 41, 5, 4, 2, 11, 46, 16, 43, 4, 16, 73, 1, 38, 1, 29, 3, 1, 0, 0, 18, 5, 36",4.4,"4.4, 4.6, 4.5, 4.5, 4.5, 4.3, 4.0, 5.0, 4.2, 4.3, 4.4, 4.3, 4.8, 4.4, 4.4, 4.0, 4.8, 5.0, 4.1, 4.7, 4.0, 0, 0, 3.8, 4.7, 4.6","Pakistani Chapli Kebab, Chicken Jalfrezi, Pakistani Ground Beef Curry, Butter Lamb Gravy, Vegetable Biryani, Pakistani Chicken Karahi, Curry Pasta - Pakistani Style, Pakistani Lamb Chops, Biriyani, Pasanday (Pakistani Beef Pot Roast), Curried Beef with Winter Vegetables, Pakistani Lentil Curry, Kala Chola Pakistani-Style, Pakistani-Style Roast Chicken Thighs, Pakistani Spicy Chickpeas, Oven-Baked Kofta Kebabs (Pakistani-Style), Kokub's Mango Chutney from Pakistan, Gulab Jamun or Kala Jam (Waffle Balls), Matar Pulao (Rice with Peas), Shami Kabab (Bun Kabab), Pakistani Batter-Fried Potatoes, Coconut Chikki, Balti Chicken Pasanda, Pakistani Potato Chicken, Spicy Potato Noodles (Bataka Sev), Spinach and Cauliflower Bhaji",Pakistani
Portuguese,51,1638,Portuguese Sweet Bread I,14,"7, 477, 55, 20, 69, 25, 114, 45, 54, 40, 15, 52, 36, 24, 30, 12, 42, 32, 13, 6, 8, 117, 12, 32, 37, 15, 6, 2, 0, 1, 6, 29, 5, 57, 1, 11, 12, 13, 4, 16, 1, 7, 23, 19, 14, 9, 6, 2, 1, 1, 3",4.5,"5.0, 4.7, 4.8, 4.5, 4.3, 4.8, 4.4, 4.6, 4.0, 4.4, 4.5, 4.4, 4.2, 4.7, 4.5, 4.4, 4.5, 3.7, 4.6, 4.9, 4.0, 4.5, 4.3, 4.6, 4.5, 4.5, 4.7, 5.0, 0, 5.0, 4.4, 4.5, 4.5, 4.4, 4.0, 4.1, 4.5, 4.2, 3.4, 4.6, 1.0, 4.5, 4.3, 4.4, 4.3, 4.1, 4.3, 5.0, 5.0, 5.0, 4.7","Easy Shrimp Mozambique, Portuguese Sweet Bread I, Caldo Verde (Portuguese Sausage Kale Soup), Wine and Garlic Pork (Portuguese Vina Dosh), Malasadas, Portuguese Shrimp, Portuguese Custard Tarts - Pasteis de Nata, Maria's Portuguese Bacalau, Portuguese Soup, Mom's Portuguese Beef Stew, Portuguese Bean Soup II, Portuguese Cod Fish Casserole, Beefs Portuguese Style, Portuguese Muffins - Bolo Levedo, Portuguese Favas, Shrimp Mozambique, Portuguese Sweet Rice, Portuguese Chourico and Peppers, Portuguese Pork Alentejana, Portuguese Sopas, Quince Paste, Queijadas, Kale and Cabbage Soup, Portuguese Steamed Clams, Captain Duarte's Salt Cod Cakes, Codfish with Cream, Jag (Portuguese Rice and Beans), Portuguese Sausage Soup, Linguica (Smoked Portuguese Sausage), Bacalhau Portuguese ao Forno (Salt Cod with Tomatoes and Olives), Portuguese Chourico, Beans, and Rice, Portuguese Bean Soup, Portuguese Egg Tarts, Portuguese Kale Soup, Portuguese Coconut Cakes (Bolos de Coco), Easy Portuguese Cookies, Portuguese Chourico Stew, Portuguese Burnt Sugar Candy, Broa (Portuguese Cornbread), Malasadas Dois, Abade Prisco's Pudding, Portuguese Snow Drops, Portuguese Sweet Bread II, Portuguese Bean Soup I, Spicy Red Bean Soup, Portuguese Sweet Bread III, Portuguese Pork and Clams, Portuguese Sausage and Kale Soup (Caldo Verde), Chicken Sofrito, Portuguese Braised Chicken, Chourico Stew",Portuguese
Bangladeshi,9,180,Authentic Bangladeshi Beef Curry,5,"71, 67, 18, 4, 5, 9, 1, 0, 5",4.4,"4.2, 4.5, 4.0, 4.4, 4.0, 4.5, 5.0, 0, 4.7","Authentic Bangladeshi Beef Curry, Butter Lamb Gravy, Bengali Dhal, Machhere Jhol (Bengali Fish Curry), Egg and Potato Curry, Prawn Malai Curry, Gulab Jamun or Kala Jam (Waffle Balls), Spicy Crab Curry - Bangla Style, Spicy Potato Noodles (Bataka Sev)",Bangladeshi
Dutch,20,376,Jan Hagel Cookies,11.5,"53, 50, 1, 23, 5, 55, 1, 6, 3, 15, 28, 49, 1, 26, 8, 16, 4, 24, 5, 3",4.45,"4.6, 4.7, 4.0, 3.9, 3.8, 4.7, 3.0, 4.0, 4.5, 4.6, 4.4, 4.3, 5.0, 4.6, 3.9, 4.9, 4.4, 4.6, 4.5, 3.7","Dutch Apple Cake, Banket, Poffertjes (Dutch Mini Pancakes), Dutch Croquetten, Gehakt Ballen (Dutch Meatballs), Jan Hagel Cookies, Hachee (Dutch Beef Stew), Dutch Bokkenpootjes - Goat's Feet, Speculaas Cookies, Lahmacun Turkish Pizza, Dutch Cookies, Holland Butter Cookies, Stroopwafels with Treacle, Holland Boterkoek, Speculaas Cookies or Spicy Sinterklass Cakes, Stroopwaffels I, Dutch Boterkoek, Botercake (Butter Cake), Appeltaart (Dutch Apple Tart), Stroopwaffels II",Dutch
Persian,50,543,"Persian Rice, Ash-e-jow (Iranian/Persian Barley Soup)",3.5,"2, 10, 69, 5, 1, 2, 13, 2, 44, 69, 0, 8, 1, 31, 4, 35, 6, 0, 12, 29, 6, 28, 9, 1, 8, 5, 4, 0, 1, 1, 0, 6, 58, 0, 0, 1, 20, 0, 0, 2, 0, 1, 0, 18, 2, 3, 6, 20, 0, 0",4.7,"5.0, 4.9, 4.7, 4.8, 5.0, 5.0, 3.9, 5.0, 4.3, 4.5, 0, 4.8, 5.0, 4.7, 5.0, 4.0, 3.7, 0, 4.5, 4.2, 4.9, 4.7, 4.7, 5.0, 4.8, 4.4, 4.8, 0, 5.0, 5.0, 0, 4.8, 4.2, 0, 0, 5.0, 4.9, 0, 0, 5.0, 0, 5.0, 0, 3.8, 5.0, 4.5, 4.4, 4.8, 0, 0","Shirini Nargili, Ghormeh Sabzi (Persian Herb Stew), Persian Rice, Turkey Kofta Kebabs, Persian Fried Fish with Saffron and Turmeric, Ash Reshteh, Fereni Starch Pudding, Kabob Koobideh (Persian Ground Meat Kabobs), Persian Cucumber Yogurt (Maast-o Khiar), Ash-e-jow (Iranian/Persian Barley Soup), Sabzi Polo (Green Herb Rice), Ash Reshteh (Persian Noodle and Bean Soup), Reshteh Polo (Persian Noodle Rice), Yazdi Cakes, Sekanjabin (Iranian Mint Vinegar Syrup), Lubia Polo (Green Bean Rice), Kalam Polo (Persian Cabbage and Rice), 12 Best Persian Recipes to Add to Your Weeknight Rotation, Iskender Kebab, The Rebbetzin Chef's Persian Walnut Cookies, Duck Fesenjān, Persian Shish Kabob, Adas Polo (Persian Rice and Lentils), Mahi Sorkh Shodeh (Persian Fried Fish), Jujeh Kabob (Persian Chicken Kabobs), Flavorful Persian Braised Lamb Shanks, Kabab Barg, Gheymeh (Persian Beef Stew), Cold Yogurt Soup (Abdoogh Khiar), Nazook (Sweet Persian Pastry), Kuku Sabzi, Persian Saffron-Braised Chicken Thighs, Pomegranate Stew with Chicken (Khoresh Fesenjan), An Introduction to Persian Cuisine, Shirazi Salad, Kookoo Sabzi (Fresh Herb Frittata), Strawberry, Ginger and Mint Sekanjabin, 15 Recipes for Nowruz, the Persian New Year, Wheat Flour Halva, Shadi's One-Pot Turmeric Chicken and Rice, 8 Persian Rice Recipes That Marry Aromatic Flavor with Irresistible Texture, Persian Rice with Potato Tahdig, Middle Eastern-Style Dolma (Stuffed Vegetables), Khoresht Fesenjaan (Chicken with Pomegranate Sauce), Shiraz Salad, Masht-o Khiyaar (Persian Cucumber Salad with Sultanas and Walnuts), Savory Saffron Chicken Polow, Ginger Sekanjabin, Tut (Persian Marzipan), Shadi's Soup-e Mahicheh",Persian
Jewish,60,5781,Challah Bread,43.5,"245, 0, 1, 1, 13, 249, 66, 299, 495, 295, 646, 69, 58, 194, 80, 21, 63, 371, 219, 25, 29, 33, 96, 23, 35, 11, 186, 37, 9, 56, 93, 71, 371, 26, 44, 29, 58, 247, 168, 9, 116, 15, 23, 45, 14, 18, 6, 11, 68, 43, 114, 52, 25, 10, 51, 11, 29, 34, 25, 30",4.6,"4.7, 0, 3.0, 5.0, 4.5, 4.8, 4.2, 4.7, 4.5, 4.4, 4.7, 4.6, 4.7, 4.6, 4.7, 4.7, 4.7, 4.6, 4.5, 4.8, 4.7, 4.5, 4.6, 4.7, 4.6, 4.9, 4.8, 4.5, 4.8, 4.1, 4.5, 4.5, 4.7, 4.4, 4.6, 4.3, 4.4, 4.6, 4.4, 4.9, 4.6, 3.9, 4.4, 4.3, 4.7, 4.0, 4.6, 3.7, 4.2, 4.8, 4.8, 4.7, 4.5, 4.3, 4.7, 3.6, 4.3, 4.5, 4.7, 4.2","Rugelach, Overnight Matzo Bake, Chocolate Hamantaschen, Charoset, Sufganiyot, Real NY Jewish Rye Bread, Easy Hamantaschen, Chakchouka (Shakshouka), Potato Latkes, Real Homemade Bagels, Challah Bread, Jewish Chicken Soup, Matzah, Jewish Apple Cake, Chef John's Cheese Blintzes, Homemade Lox, Haroset for Passover, Slow Cooker Reuben Dip, Bread Machine Challah, Loukoumades, Sweet Potato Latkes, Sarah's Knish, Jewish Apple Cake from Bubba's Recipe Box, Blintz Souffle II, The Best Ever Classic Jewish Noodle Kugel, Chocolate-Covered Matzo, Best Sweet and Sour Brisket, Apple Matzo Kugel, Basic Babka, Easy Challah Bread, Israeli Salad, Irresistible Whole Wheat Challah, Bread Machine Challah I, Passover Matzo Lasagna, Sweet Challah, Passover Rolls I, Hamantashen, Jewish Coffee Cake, Baked Falafel, Best Matzah Balls, Kugel, Stuffed Breast of Veal, Moroccan Shabbat Fish, Jewish Grandma's Best Beef Brisket, Sweet and Sour Cabbage Soup, Matzoh Ball Soup, Fried Matzoh, New York Knish - Yo!, Oma's Fabulous Matzo Ball Soup, Cinnamon Noodle Kugel, Mom's Potato Latkes, Passover Chocolate Torte, Mom's Authentic Kosher Cholent Recipe, Passover Apples and Honey (Charoset), Chocolate Babka, Cottage Cheese Blintzes, Foolproof Potato Latkes, New Mom Broccoli Kugel, Bramboracky (Czech Savory Potato Pancakes), Matzo Brei",Jewish
Soul,60,7920,Garlic Chicken Fried Chicken,75.0,"316, 414, 90, 144, 49, 90, 378, 148, 221, 37, 44, 72, 489, 21, 37, 239, 26, 40, 166, 149, 208, 45, 92, 56, 80, 65, 85, 49, 222, 197, 0, 68, 19, 52, 24, 29, 27, 52, 147, 130, 72, 81, 188, 40, 97, 33, 107, 42, 92, 39, 73, 97, 855, 89, 70, 77, 952, 15, 45, 39",4.6,"4.4, 4.7, 4.7, 4.7, 4.6, 4.7, 4.7, 4.2, 4.5, 4.4, 4.3, 4.6, 4.4, 4.4, 4.6, 4.7, 4.5, 4.1, 4.0, 4.8, 4.6, 4.5, 4.8, 4.5, 4.3, 4.7, 4.8, 4.7, 4.7, 4.8, 0, 4.7, 4.5, 4.6, 4.0, 4.2, 4.1, 4.9, 4.6, 3.8, 4.6, 4.4, 4.4, 4.2, 4.5, 4.3, 4.6, 4.4, 4.5, 4.7, 4.4, 4.5, 4.6, 4.6, 4.5, 4.8, 4.6, 4.6, 4.6, 4.6","Fried Okra, Roasted Okra, Southern-Style Neck Bones, Oxtails with Gravy, Down Home Chitterlings, Grandma Oma's Pickled Okra, Soul Smothered Chicken, Southern-Style Buttermilk Fried Chicken, Southern Grits Casserole, Perfect Mixed Greens, Southern Spicy Fried Chicken, Old-Time Kentucky Bacon Milk Gravy for Biscuits, Mayonnaise Biscuits, Southern-Style Pig Tails, Creole Chitterlings (Chitlins), Southern Fried Chicken, The Right Way to Cook Greens!, Country Cooking Slow Cooker Neck Bones, Louisiana Red Beans and Rice, Dave's Georgia Black-Eyed Peas, Southern Ham and Brown Beans, Okra with Tomatoes, Black-Eyed Pea Soup, Breakfast Grits, Chicken Bog, Chicken and Waffles, New Year Black-Eyed Peas, Cathead Biscuits, Southern as You Can Get Collard Greens, Chef John's Red Beans and Rice, 9 Things You Need to Know About Soul Food, Pressure Cooker Red Beans and Sausage, Neck Bones and Lima Beans, Best Ever Pinto Beans, Ham with Red Eye Gravy, Flavorful Southern Fried Chicken, Oven Fried Okra, Tam's Black Eye Peas, Sausage Biscuits and Gravy, A Southern Fried Chicken, Cheesy Baked Grits, Down-South Style Green Beans, New Year's Day Black-Eyed Peas, Black-eyed Peas and Ham Hocks, Okra, Corn and Tomatoes, Easy Hoppin' John, Teena's Overnight Southern Buttermilk Biscuits, CindyD's Somewhat Southern Fried Chicken, Tanya's Louisiana Southern Fried Chicken, Smothered Collard Greens and Cabbage, Okra Patties, Creole Okra, Kentucky Biscuits, Okra and Tomatoes, Southern Collard Greens, Braised Collard Greens, Garlic Chicken Fried Chicken, Down-Home Black-Eyed Peas, Shrimp and Cheesy Grits with Bacon, Slow Cooker Collard Greens",Soul
Puerto,59,1645,Coquito,6,"41, 73, 306, 10, 49, 35, 2, 42, 80, 38, 2, 69, 15, 28, 167, 72, 34, 17, 0, 1, 2, 1, 144, 4, 3, 2, 162, 6, 16, 3, 4, 6, 0, 7, 16, 2, 2, 16, 0, 22, 1, 1, 2, 6, 0, 1, 4, 53, 10, 1, 4, 1, 3, 4, 1, 2, 27, 3, 22",4.7,"4.8, 4.8, 4.8, 4.8, 4.8, 4.6, 4.8, 4.6, 4.7, 4.9, 5.0, 4.5, 4.7, 4.8, 4.5, 4.6, 4.4, 4.9, 0, 4.7, 3.5, 4.0, 4.3, 4.0, 2.7, 5.0, 4.6, 4.8, 3.3, 5.0, 4.8, 5.0, 0, 4.9, 4.6, 5.0, 5.0, 4.3, 0, 4.5, 5.0, 5.0, 5.0, 5.0, 0, 5.0, 4.8, 4.7, 4.7, 5.0, 4.0, 5.0, 3.0, 4.8, 4.0, 5.0, 4.5, 4.7, 4.0","Tembleque Puerto Rican Coconut Pudding, Sofrito, Coquito, Puerto Rican Canned Corned Beef Stew, Budin (Puerto Rican Bread Pudding), Bacalao a la Vizcaina (Basque-Style Codfish Stew), Gourmet Pastelillos (Meat Pies), Asopao de Pollo, Puerto Rican Breakfast Custard, Puerto Rican Coquito, Limber de Coco (Coconut Ice), Habichuelas Guisadas, Mofongo, Deep Fried Corn Meal Sticks (Sorullitos de Maiz) with Dipping Sauce, Slow Cooker Pernil Pork, Bistec Encebollao, Horchata de Arroz (Rice Drink), Homemade Adobo All-Purpose Seasoning, 16 Essential Puerto Rican Recipes, Vegan Mofongo (Fried Mashed Plantains), Authentic Chicken Empanadas (Empanadas de Pollo), Puerto Rican Rice and Beans (Arroz con Gandules), Pollo (Chicken) Fricassee from Puerto Rico, Best Pernil Ever, Polvorones from Puerto Rico, Tembleque de Coco (Coconut Tembleque), Carne Guisada III, Pastelon (Puerto Rican Layered Casserole), Instant Pot® Puerto Rican Arroz con Pollo, Puerto Rican Rice and Beans, Puerto Rican Arroz con Pollo, Homemade Sazon Seasoning, How to Make Puerto Rican Pasteles for Christmas, Puerto Rican Beef Stew, Slow Cooker Puerto Rican Shredded Pork, Pique (Puerto Rican Hot Sauce), Basic Coquito, Puerto Rican Shepherd Pie (Pastelon), Mallorca Bread, Jibarito, Coquito de Puerto Rico, Quesitos (Puerto Rican Cheese-Stuffed Puff Pastry), Pasteles with Yuca and Plantains, Aranitas (Shredded Green Plantain Patties), So Many Ways to Make Sweet Refreshing Horchata, Vegan Puerto Rican Empanadas, Maicena (Corn Pudding), Pina Colada Sorbet, Sweet Plantain Pie, Brazo Gitano de Guayaba (Jelly Roll with Guava), Joy's Green Banana Salad, My Classic Puerto Rican Carne Guisada, Tembleque, Tea Party Sandwiches (Puerto Rican Version), Quick Vegetarian Picadillo Empanadas, Eggnog Bread Pudding with Coquito Sauce, Easy Pina Colada French Toast, Polvarones, Stuffed Turkey Legs",Puerto
Belgian,3,25,Waterzooi (Vaterzoy),9,"5, 11, 9",4.6,"4.8, 4.5, 4.6","Chocolate Chip Belgian Waffles, Waterzooi (Vaterzoy), Booyah Chicken",Belgian
Japanese,60,5656,Chicken Katsu,37.5,"0, 0, 0, 1, 0, 1, 441, 356, 640, 43, 53, 111, 53, 314, 389, 28, 264, 30, 108, 6, 93, 17, 148, 38, 51, 45, 34, 69, 4, 131, 25, 0, 40, 134, 37, 87, 5, 22, 1, 74, 314, 94, 3, 191, 13, 15, 381, 248, 0, 9, 63, 3, 9, 6, 6, 28, 0, 36, 227, 117",4.5,"0, 0, 0, 4.0, 4.0, 5.0, 4.1, 4.7, 4.7, 4.3, 4.8, 4.5, 4.6, 4.3, 4.7, 4.7, 4.8, 4.5, 4.7, 4.9, 4.5, 4.4, 4.4, 4.4, 4.2, 4.6, 4.6, 4.6, 4.6, 4.2, 4.1, 0, 4.6, 4.2, 4.4, 4.7, 4.8, 4.8, 5.0, 4.7, 4.5, 4.3, 5.0, 4.6, 3.9, 4.5, 4.3, 4.6, 0, 4.8, 4.6, 4.3, 4.1, 3.8, 4.9, 4.4, 0, 4.6, 4.6, 4.4","Air Fryer Tempura Vegetables, What Do I Substitute for Mirin?, What Is Nori?, Yaki Udon, Homemade Sushi Rolls, Chef John's Miso Soup, Perfect Sushi Rice, Miso Soup, Chicken Katsu, Easy Mochi, Eel Sauce, Gyoza Sauce, Homemade Pickled Ginger (Gari), Famous Japanese Restaurant-Style Salad Dressing, Sesame-Seared Tuna, Japanese Tamago Egg, Japanese-Style Deep-Fried Shrimp, Air Fryer Chicken Katsu with Homemade Katsu Sauce, Miso and Soy Chilean Sea Bass, The Perfect Simplified Sushi Vinegar, Oyakodon (Japanese Chicken and Egg Rice Bowl), California Roll, Homemade Sushi, Onigiri (Japanese Rice Balls), Japanese-Style Cabbage Salad, Coffee Jelly, Cream Cheese and Crab Sushi Rolls, Microwave Mochi, Air Fryer Tonkatsu, Yum Yum Sauce, Crispy Shrimp Tempura, 15 Unbeatable Udon Noodle Recipes, Cucumber and Avocado Sushi, Japanese-Style Ginger Salad Dressing, Japanese Ginger Pork, Chi Chi Dango, Sweet Potato Tempura, Authentic Miso Soup, Spicy Tuna Rolls, Pumpkin Mochi, Japanese-Style Sesame Green Beans, Ashley's Chicken Katsu with Tonkatsu Sauce, Karaage (Japanese Fried Chicken) with Honey Mayoster Sauce, Japanese Beef Stir-Fry, Spicy Tuna Sushi Roll, Japanese Pan Noodles, Yakisoba Chicken, Sunomono (Japanese Cucumber Salad), 21 Best Recipes That Start with Miso Paste, Dashi Stock (Konbudashi), Teriyaki Rib Eye Steaks, Japanese Agedashi Tofu, Japanese-Style Fluffy Pancakes, Instant Pot Tonkotsu Ramen Broth, Pork Gyoza, Miso Soup with Shiitake Mushrooms, 19 Recipes That Put Panko to Delicious Use, Okinawa Shoyu Pork, Teriyaki Sauce and Marinade, Tonkatsu - Asian-Style Pork Chop",Japanese
Turkish,35,645,Turkish Chicken Kebabs,10,"124, 32, 68, 52, 6, 33, 4, 0, 12, 43, 37, 12, 60, 19, 15, 11, 10, 0, 6, 15, 22, 10, 14, 0, 9, 3, 4, 17, 0, 2, 0, 2, 3, 0, 0",4.4,"4.8, 4.6, 4.6, 4.6, 4.4, 4.7, 4.8, 0, 4.6, 4.4, 4.7, 4.5, 4.6, 4.7, 4.6, 3.9, 4.4, 0, 4.0, 4.6, 4.6, 4.1, 4.7, 0, 4.4, 3.5, 2.2, 4.2, 0, 3.0, 0, 4.5, 4.2, 0, 0","Turkish Chicken Kebabs, Homemade Manti (Traditional Turkish Dumplings), Turkish Red Lentil Soup with Mint, Bazlama - Turkish Flat Bread, Haydari (Turkish Yogurt Dip), Chef John's Baklava, Ashure, Irmik Helvasi (Turkish Semolina Halva), Ekmek Turkish Bread, Tava or Turkish Stew, Turkish Red Lentil 'Bride' Soup, Iskender Kebab, Turkish Fish Stew, Muhammara (Roasted Pepper & Walnut Spread), Turkish Kebabs, Manti (Turkish 'Ravioli' with Yogurt Sauce), Lamb Börek, Easy Lamb Gyros, Easy Turkish Delight, Lahmacun Turkish Pizza, Carrots and Lentils, Pogaca (Feta Dumplings), Menemen, Tulumba (Deep-Fried Pastry with Syrup), Vegan Turkish Red Lentil Soup, Rose Water Gelees, Rose Water Turkish Delight, Zucchini with Dill Weed and Garlic-Yogurt Sauce, Turkish Stuffed Flatbread (Gozleme), Easy 5-Ingredient Pumpkin Soup, Meze Fava Beans, Vegan Turkish Baked Eggplant, Kobete Chicken, Turkish Pogaça, Kesme Helva",Turkish
Australian,60,3683,Hawaiian Chicken Kabobs,20.5,"1, 34, 27, 1, 3, 14, 378, 28, 54, 56, 203, 84, 139, 162, 567, 44, 190, 418, 69, 29, 51, 12, 69, 100, 36, 7, 27, 70, 21, 2, 24, 9, 26, 5, 6, 103, 188, 12, 35, 47, 20, 5, 11, 235, 1, 7, 1, 2, 15, 0, 2, 4, 4, 8, 3, 4, 4, 4, 2, 0",4.4,"1.0, 4.8, 4.4, 4.0, 4.3, 4.1, 4.8, 3.7, 4.6, 4.2, 4.3, 4.7, 4.7, 4.7, 4.5, 4.4, 4.4, 4.7, 4.3, 4.3, 4.1, 4.3, 4.4, 4.8, 4.5, 4.1, 4.4, 4.4, 3.7, 5.0, 4.5, 4.6, 4.5, 5.0, 5.0, 4.3, 4.5, 3.7, 4.8, 4.6, 4.2, 4.3, 4.3, 4.3, 3.0, 4.2, 5.0, 5.0, 4.2, 0, 5.0, 4.6, 3.8, 4.4, 4.7, 4.5, 4.0, 4.2, 4.0, 0","Meat Pie with Hot Water Crust, Pavlova Deluxe, A Drama Queen's Pavlova, Apricot Anzac Biscuits, Orange Pikelets, ANZAC Biscuits with Almonds, Easy Pavlova, Australian Damper, Samoan Panikeke, Lamingtons, A Number-One Egg Bread, The Best Pavlova, Sticky Toffee Pudding Cake, Ono Butter Mochi, Hawaiian Chicken Kabobs, Dad's New Zealand Mince Stew, Coconut (Haupia) and Chocolate Pie, Hawaiian Banana Nut Bread, Malasadas, Date Loaf Cake, Fairy Bread, Crunchies, Mango Chutney, Hawaiian Wedding Cake II, Hawaiian Millionaire Pie, 3-Ingredient Lemon Scones, Best Ever New Zealand Pavlova, Hawaiian Wedding Cake I, Easy Haupia, Butter Mochi Cupcakes, Chocolate Pavlova, Hawaiian Apple-Pineapple Crumble, Maui Banana Cream Tube Cake, Chef John's Rocky Road, Pani PoPo, Diana's Hawaiian Bread Rolls, Hawaiian Bread I, Toaster Biscuits, Almond Cookies (Dim Sum Variety), Hawaiian Tarts, Best Apple Crumble, Anzac Biscuits, Easy New Zealand Squares, Pineapple Upside-Down Cake II, Taro Rolls, Australian English Trifle, Rose Pavlova Cakes, Haupia and Purple Sweet Potato Pie, Hawaiian Cake, Hawaiian Coconut-Banana Bread, Victor's Non-Dairy Hawaiian Coconut Mochi Cake, Best Hawaiian Banana Nut Bread, Nada's Baba Cake, Australian-Style Pumpkin Scones, Australian Federation Biscuits, Frozen Lemon Pavlova, Honeycomb with Golden Syrup, Hawaiian Chocolate Macadamia Nut Tart, Crispy Ginger Biscuits, Hawaii Five-O So Good Ice Cream",Australian
Malaysian,23,463,Malaysian Mango Chicken Curry,11,"44, 7, 3, 2, 13, 18, 1, 7, 3, 3, 22, 94, 3, 11, 64, 24, 62, 4, 0, 1, 16, 46, 15",4.4,"4.1, 4.6, 4.0, 4.8, 4.7, 4.5, 5.0, 4.3, 5.0, 4.8, 4.7, 4.4, 4.3, 4.4, 4.3, 4.5, 4.0, 3.2, 0, 4.0, 3.8, 4.6, 3.9","Malaysian Beef Rendang, Spicy Tomato Chicken (Ayam Masak Merah), Sambal Sauce, Mutton Varuval (Malaysian Indian-Style Goat Curry), Penang Pork Satay, Chicken Curry Puffs, Malaysian Lady Fingers (Okra), Chicken with Black Beans, Malaysian Flatbread (Roti Canai) with Curried Lentil Dip, Durian Puree Cheesecake, Malaysian Red Curry Thighs, Malaysian Mango Chicken Curry, Pumpkin Kaya, Chicken Curry V, Sherry Chicken Curry, Chicken Singapore Noodles, Chicken Curry III, Rendang Gaging (Beef Stew), Malaysian Chicken Curry, Malaysian Chicken Satay, Mild Coconut Tofu Curry, Simple Malaysian Fried Chicken, Spicy Noodles - Malay Style",Malaysian
French,60,21199,Classic Chicken Cordon Bleu,86.0,"70, 1, 0, 13, 7, 85, 2, 0, 0, 3044, 1110, 1868, 252, 546, 38, 337, 28, 189, 181, 47, 99, 447, 851, 0, 41, 339, 759, 355, 288, 448, 84, 7, 1341, 353, 605, 163, 341, 11, 4858, 87, 143, 323, 67, 113, 245, 63, 48, 30, 15, 51, 72, 146, 7, 343, 98, 8, 32, 76, 11, 13",4.6,"4.7, 5.0, 0, 4.7, 4.6, 4.5, 5.0, 0, 0, 4.6, 4.6, 4.6, 4.7, 4.6, 4.5, 4.7, 4.7, 4.9, 4.7, 4.8, 4.8, 4.8, 4.8, 0, 4.8, 4.6, 4.5, 4.6, 4.3, 4.6, 4.1, 4.5, 4.7, 4.5, 4.9, 4.8, 4.6, 4.3, 4.8, 4.9, 4.8, 4.4, 4.5, 4.7, 4.3, 4.5, 4.5, 4.4, 4.7, 4.6, 4.9, 4.8, 5.0, 4.3, 4.7, 4.8, 4.6, 4.5, 4.6, 4.9","Apple Tarte Tatin, Provencal White Beans, Sole Meuniere, Pain au Chocolat (Chocolate Croissants), Salmon en Croûte, Meat Pie, Sauce Vierge, Beans and Greens Tartine, Pâte Sucrée, Basic Crêpes, Rich and Simple French Onion Soup, Chicken Cordon Bleu, Fondant Potatoes, French Crêpes, Lobster Thermidor, Bûche de Noël, Macarons, Chef John's Crème Fraîche, The Best Lemon Vinaigrette, Herbs de Provence, Chocolate Yule Log, Pastry Cream, Dessert Crepes, Creme Pat, Duck a l'Orange, Disney's Ratatouille, Blender Hollandaise Sauce, Eclairs, Macarons (French Macaroons), Quiche Lorraine, Lyonnaise Potatoes, How to Make Bordelaise Sauce, French Onion Soup Gratinée, Omelet in a Bag, Chef John's Coq au Vin, Chicken French (Rochester, NY Style), Cordon Bleu Chicken Rolls, Red Wine Reduction Sauce, Classic Chicken Cordon Bleu, Simple Crème Brûlée Dessert, Restaurant-Style French Onion Soup, Rich and Creamy Potatoes au Gratin, Garlic and Herb Cream Cheese, Steelhead Trout Bake with Dijon Mustard, Delicious Easy Chicken Francese, Crème Fraîche Chicken, Tuscan Pork Tenderloin, Sautéed Mushrooms (Quick and Simple), Canelés de Bordeaux, Cinnamon-Accented French Toast, Grand Marnier Soufflé, Meringue Mushrooms, Duck Rillettes, French Meringues, How to Make French Baguettes, Puff Pastry Shells, Chicken Paillard, Shirred Eggs, How to Make Cassoulet, Chef John's Chocolate Croissants",French
Tex-Mex,60,3167,Tex-Mex Turkey Soup,12.0,"40, 181, 210, 9, 11, 0, 462, 259, 0, 15, 128, 0, 0, 13, 13, 35, 123, 152, 3, 249, 267, 125, 28, 323, 29, 19, 0, 0, 31, 25, 5, 0, 0, 77, 2, 38, 5, 4, 0, 0, 22, 28, 0, 3, 3, 4, 5, 18, 10, 16, 11, 3, 2, 1, 72, 9, 1, 22, 53, 3",4.4,"4.8, 4.7, 4.7, 4.7, 4.5, 0, 4.8, 4.4, 0, 4.8, 4.4, 0, 5.0, 4.4, 4.4, 4.5, 4.4, 4.5, 5.0, 4.2, 4.3, 4.4, 4.3, 4.6, 4.6, 4.1, 0, 0, 4.5, 4.6, 5.0, 0, 0, 4.4, 5.0, 4.6, 5.0, 5.0, 0, 0, 4.4, 4.7, 0, 4.3, 4.6, 4.7, 5.0, 4.1, 4.2, 3.9, 3.8, 4.3, 3.5, 5.0, 4.6, 4.4, 5.0, 4.7, 4.4, 4.3","Spinach Quiche with Chicken, Mexican Layered Dip, Seven Layer Tex Mex Dip, Calabacita con Puerco (Pork with Squash), Keto Tex-Mex Ground Beef Casserole, 14 Tasty Ways to Use Tortillas, Tex-Mex Turkey Soup, Taco Bake I, 22 Best Recipes That Start With A Can of Rotel, Vegetarian Mexican Lasagna, Spicy Southwestern Slaw, 16 Dinners That Start With a Packet of Taco Seasoning, Sopa de Mariscos (Seafood Soup), Tomato Salsa without Onions, Chili Lime Chicken, Tex-Mex Enchiladas, Easy Enchilada Casserole, Buffalo Chicken Chili, Burrito Casserole, Mild Cheesy Chicken Enchiladas, King Ranch Chicken Casserole III, Tex-Mex Beef and Cheese Enchiladas, Tex-Mex Chicken Casserole, Tex-Mex Burger with Cajun Mayo, Spicy Tex-Mex Salad, Brown Spanish Rice, Chef John's Best Mexican Recipes, What's the Difference Between Mexican Cuisine and Tex Mex?, Sizzling Steak Fajitas, Tex Mex Stir Fry, Authentic Fire-Roasted Tex-Mex Salsa, Our Favorite Regional Recipes Inspired by Mexican Cuisine, 12 Chimichanga Recipes to Make At Home, Mexican Lasagna Lite, Tex-Mex Air Fryer Hash Browns, Mediterranean Bean Salad, Mexican Black Bean and Turkey Wraps, Green Chile Chicken Casserole, 16 Best Beefy Tex-Mex Recipes, 21 Best Tex-Mex Recipes, No Ordinary Meatloaf, Cheesy Pork Taco Rice, 10 Essential Chile Peppers for Making Mexican and Tex-Mex Recipes, Easy Tex-Mex Chicken Tacos, Tex-Mex Beef Bowl with Avocado Cilantro Dressing, Tex-Mex Pantry Casserole, Easy Chili Cavatappi, Tex Mex Meatloaf, Lite Brocamole, Tex-Mex Tuna Salad, Tex-Mex Sheet Cake, Instant Pot Vegan Tex-Mex Bowls, Corn and Roasted Red Pepper Salad, Air Fryer Turkey Fajitas, Mexican Style Dip, Tex Mex Potato Soup, Air Fryer Tofu Milanesa, Andouille and Poblano Quesadillas, Monster Sour Cream Enchiladas, Mark's Surprise Meatloaf",Tex-Mex
Greek,60,15759,Greek Baklava,130.5,"112, 4, 733, 23, 173, 1786, 688, 194, 1, 70, 321, 21, 489, 21, 477, 341, 1538, 19, 375, 478, 94, 281, 510, 471, 86, 478, 286, 933, 190, 226, 36, 0, 104, 29, 72, 408, 10, 72, 23, 240, 25, 573, 10, 51, 18, 116, 312, 66, 0, 144, 433, 175, 319, 288, 117, 7, 4, 9, 679, 0",4.6,"4.6, 5.0, 4.7, 4.5, 4.6, 4.8, 4.5, 4.8, 5.0, 4.5, 4.2, 5.0, 4.6, 4.6, 4.2, 4.7, 4.7, 4.8, 4.8, 4.5, 4.6, 4.8, 4.6, 4.5, 4.6, 4.5, 4.4, 4.6, 4.6, 4.5, 4.6, 0, 4.4, 3.8, 4.6, 4.6, 4.3, 4.4, 4.7, 4.5, 4.8, 4.7, 4.7, 4.7, 4.8, 4.5, 4.6, 4.5, 0, 4.4, 4.7, 4.7, 4.4, 4.4, 4.8, 4.9, 4.5, 4.6, 4.6, 0","Pastitsio, Grilled Spatchcocked Greek Chicken, Souvlaki, Traditional Gyros, Greek Butter Cookies, Greek Baklava, Spanakopita (Greek Spinach Pie), Greek-Style Lemon Roasted Potatoes, Taramosalata, Light and Easy Greek Potato Salad, Traditional Gyro Meat, Greek Horiatiki Salad, Moussaka, Homemade Phyllo (or Filo) Dough, Tzatziki Sauce, Chicken Souvlaki with Tzatziki Sauce, Absolutely Fabulous Greek Salad Dressing, Saganaki (Flaming Greek Cheese), Lemon Chicken Orzo Soup, Greek Lemon Chicken Soup, Greek Seasoning Blend, Easy Baklava, Greek Lentil Soup (Fakes), Greek-Style Potatoes, Greek Couscous Salad, Greek Orzo Salad, Vegetarian Moussaka, Real Hummus, Greek Salad, Greek Tzatziki, Branzino Mediterranean, What Is Mountain Tea and Why Is It Good For You?, My Own Famous Stuffed Grape Leaves, Dolmas (Stuffed Grape Leaves), Galaktoboureko, Greek Garbanzo Bean Salad, Beef Stifado in the Slow Cooker, Cucumber Gyro Sauce, Halloumi Cheese Fingers, Greek-Style Garlic Chicken Breasts, Loukoumades, Black Bean Hummus, Rizogalo (Greek Rice Pudding), Easy Tzatziki Sauce, Mediterranean Orzo Salad, Greek Honey Cake, Briam (Greek Baked Zucchini and Potatoes), Vaselopita - Greek New Years Cake, What Is Souvlaki — And How Is It Different From a Gyro?, Greek Green Beans, Easy Greek Salad, Herbed Greek Roasted Potatoes with Feta Cheese, Tzatziki Sauce I, Easy Roasted Red Pepper Hummus, Best Greek Quinoa Salad, Greek Ribs, Greek Easter Eggs, Portokalopita (Greek Orange Phyllo Cake), Greek Lemon Chicken and Potato Bake, 18 Best Savory Recipes With Phyllo Dough",Greek
Mexican,60,5544,Lime Chicken Soft Tacos,2.0,"0, 0, 0, 4, 0, 0, 397, 44, 12, 2, 3, 1, 1, 1, 2, 4, 0, 0, 0, 0, 2, 13, 1, 2, 0, 1, 7, 333, 106, 6, 0, 45, 90, 191, 800, 447, 162, 4, 5, 1, 10, 4, 45, 44, 45, 246, 1759, 1, 503, 1, 1, 5, 190, 2, 0, 0, 0, 0, 0, 1",4.7,"0, 0, 0, 5.0, 0, 0, 4.6, 4.6, 4.2, 4.7, 4.7, 5.0, 5.0, 5.0, 3.0, 4.8, 5.0, 0, 0, 5.0, 5.0, 4.6, 5.0, 5.0, 0, 5.0, 4.4, 4.9, 4.7, 4.5, 0, 4.8, 4.5, 4.5, 4.6, 4.9, 4.7, 5.0, 5.0, 5.0, 4.3, 4.7, 4.8, 4.8, 4.9, 4.2, 4.5, 5.0, 4.8, 5.0, 4.0, 4.8, 4.7, 4.7, 0, 0, 0, 0, 0, 3.0","Salsa Macha, Chicken Fajita Tacos, Mild Taco Seasoning, Chef John’s Chicken Tortilla Soup, Esquites with Frozen Corn, Teriyaki Steak Quesadillas, Slow Cooker Pozole, Marranitos (Mexican Pig-Shaped Cookies), Buñuelos, Rotel Tacos, Sweet Potato and Black Bean Taco Cups, Campfire Queso, Fried Egg Tortilla, Skillet Shrimp Fajitas with Cilantro-Lime Cream, Easy Chicken Street Tacos, Churro Cheesecake Bars, Steak Burrito, Agua Fresca de Fresas con Crema (Strawberries and Cream), Chipotle-Citrus Marinated Chicken Tacos, Grilled Chicken Street Tacos, How to Make Arroz con Leche, Frijoles Borrachos (Drunken Baked Beans), Mexican Pinwheels, Pizza “Tlayuda”, Breakfast Burrito Bowl, Tamales Rojos de Pollo (Red Chicken Tamales), Traditional Mexican Street Tacos, Instant Pot Carnitas, Shrimp Quesadillas, Chilaquiles Rojos, How to Make the Best Conchas, the Most Stunning Mexican Pastry (According to an Expert), Chef John's Chicken Tinga, Chicken Chilaquiles, Mexican Tinga, Grilled Fish Tacos with Chipotle-Lime Dressing, Pork Carnitas, Barbacoa-Style Shredded Beef, Capirotada, Shredded Chicken Tacos, Veracruz-Style Whitefish, The Best Horchata, Authentic Tacos al Pastor, Shrimp Tacos with Cilantro-Lime Crema, Easy Mexican Pork Burritos, Chocolate Tres Leches Cake, Chicken Tacos, Lime Chicken Soft Tacos, Quick and Easy Mango Margaritas, Margaritas, Chicken Adovada, Instant Pot Chicken Tortilla Soup, Chicken Fajita Rice Casserole, Ground Beef with Homemade Taco Seasoning Mix, Minute Breakfast Burrito, Best Ever Ceviche, Green Chicken Enchilada Soup, Sheet Pan Steak and Shrimp Fajitas, Churro Bundt Cake, 5 Ingredient Cheesy Taco Soup, Baked Breakfast Taquitos",Mexican
Swiss,8,99,Cheese Rösti,7.0,"37, 6, 9, 3, 1, 0, 8, 35",4.55,"4.1, 4.9, 4.6, 4.7, 5.0, 0, 4.5, 4.1","Cheese Rösti, BaumKuchen, Mailaenderli, Homemade Muesli, Classic Swiss Fondue, Swiss Almond Carrot Cake (Aargauer Rueblitorte), Anise Waffle Cookies, Aargau Carrot Cake",Swiss
Russian,60,3478,Russian Mushroom and Potato Soup,16.0,"12, 11, 174, 17, 65, 32, 138, 943, 48, 191, 64, 126, 186, 67, 5, 17, 440, 4, 101, 74, 16, 20, 27, 2, 35, 30, 2, 15, 19, 40, 14, 5, 16, 31, 107, 27, 3, 2, 115, 2, 35, 10, 4, 4, 11, 16, 16, 3, 4, 1, 13, 0, 9, 0, 2, 64, 13, 10, 17, 3",4.55,"4.8, 4.9, 4.6, 4.7, 4.9, 4.8, 4.6, 4.7, 4.4, 4.7, 4.5, 4.5, 4.6, 4.5, 5.0, 4.4, 4.7, 5.0, 4.1, 4.4, 4.4, 4.4, 4.6, 5.0, 4.1, 4.4, 5.0, 4.4, 4.5, 4.5, 4.5, 4.4, 4.5, 4.8, 4.5, 4.7, 4.7, 4.0, 4.2, 4.7, 4.3, 4.4, 4.4, 4.8, 4.3, 4.1, 4.8, 4.5, 4.8, 5.0, 4.4, 5.0, 4.2, 5.0, 5.0, 4.6, 4.6, 3.8, 4.8, 4.3","Easy Blini (Russian Pancake), Authentic Russian Salad 'Olivye', Halupki (Stuffed Cabbage), Russian Pelmeni, Beef and Beet Borscht, Blini (Russian Pancakes), Taylor's Piroshki, Russian Mushroom and Potato Soup, Chicken Kiev, Russian Black Bread, Traditional Russian Pirozhki, Nana's Beef Stroganoff, Russian Cabbage Borscht, Yabluchnyk (Ukrainian Apple Cake), Russian Cheese Pancakes (Syrniki), Best Ever Russian Beef Stroganoff, Sweet Russian Cabbage Soup, Russian Cabbage Pie, Orange Drop Cookies II, Borscht I, Cheater Pierogi, Ground Beef Stroganoff Casserole, Russian Potato Salad, Vegetarian Borscht, Beef Stroganoff with Ground Beef, Classic Beef Stroganoff in a Slow Cooker, Vareniki (Pierogi) with Potatoes and Mushrooms, Cold Russian Borscht, Russian Cheese Salad, Russian Beet and Potato Salad, Russian Cabbage Rolls with Gravy, Kulich (Russian Easter Cake), Pashka, Solianka (Russian Beef Soup), Russian Green Bean and Potato Soup, Russian Beet Salad with Herring, Oladi (Russian Kefir Pancakes), The Best Classic Beef Stroganoff, Beef Stroganoff with Noodles, Vatrushka, Ukha (Russian Fish Soup), Easy Russian Mushroom Bake, Russian Chicken Stew with Potatoes and Vegetables, Sauerkraut Russian-Style, Russian Carrot Salad (Korean-Style), Vegan Borscht, Beef Pirozhki, Russian Sour Cream Cake, Russian Doughnuts, Hychin, Russian Garden Salad, Russian Ant Hill Cake, Horseradish Beets (Chrin), Russian Poppy Seed Roll, Blini - Russian Pancakes, Chilled Russian Salad Dressing, Borscht with Meat, Russian Syrniki, Olivie (Russian Potato Salad), Sharlotka",Russian
German,60,3753,Jägerschnitzel,29.5,"221, 119, 3, 0, 192, 107, 153, 0, 158, 404, 97, 54, 28, 14, 63, 98, 0, 286, 7, 55, 47, 21, 40, 20, 20, 73, 95, 8, 10, 59, 8, 121, 50, 2, 55, 11, 74, 21, 29, 34, 16, 0, 243, 4, 26, 79, 19, 104, 7, 2, 13, 44, 12, 181, 30, 6, 3, 81, 4, 22",4.5,"4.7, 4.3, 4.7, 5.0, 4.8, 4.7, 4.6, 0, 4.2, 4.6, 4.6, 4.4, 4.5, 4.7, 4.5, 4.4, 0, 4.6, 4.9, 4.4, 4.7, 4.7, 4.6, 3.3, 4.1, 4.3, 4.6, 4.7, 4.6, 4.4, 4.4, 4.6, 4.8, 4.8, 4.3, 4.0, 3.8, 4.6, 4.2, 3.8, 4.0, 0, 4.5, 4.4, 4.5, 4.6, 4.5, 4.4, 3.3, 3.5, 4.3, 4.4, 4.7, 4.1, 4.5, 3.0, 5.0, 4.6, 4.1, 4.7","Sausage and Sauerkraut, German Beef Rouladen, Easy Plum Cake, Spaghettieis, a Spaghetti-Inspired German Sundae, Pfeffernusse Cookies, Crispy Roasted Chicken, Wiener Schnitzel, 18 German Recipes That Are Comfort Food Favorites, Old German Honey Cookies, Jägerschnitzel, Chef John's Beef Rouladen, German Hamburgers (Frikadellen), Traditional Springerle, German Semolina Pudding, Beer Glazed Brats and Sauerkraut, Slow Cooker German-Style Pork Roast with Sauerkraut and Potatoes, 20 German Recipes From Oma's Kitchen, German Rouladen, Grillhaxe (Grilled Eisbein, Pork Shanks), Krautburger, Apfelkuchen (Apple Cake), German Lebkuchen, Kate's Easy German Sauerbraten, Real Homemade Bologna, Schnitzel, German Marble Cake, Oktoberfest Chicken and Red Cabbage, Quark (Homemade Cheese), Easy-Made German Quark, German Zwiebelkuchen (Onion Pie), Easy German Apple Streusel Pie, Kraut Bierocks, Homemade Sauerkraut, Best Homemade Marzipan, Jaeger Schnitzel, Hasty Pudding, German Currywurst, Gluehwein (German Mulled Wine), Butterkuchen, Bee Sting Cake (Bienenstich), Slow Cooker Pork, Sauerkraut, and Beer, A Complete German Christmas Dinner Menu, Fried Cabbage and Egg Noodles, German Rhubarb Streusel Cake, German Rice, Christmas Stollen, German Schwenkbraten, Cabbage and Kielbasa, Mandelmakronen (Almond Meringues), Schupfnudeln (German Fried Potato Dumplings), Pork Roast and Sauerkraut, Red Currant Pie, German Rocks, Bierock Casserole, Pfeffernusse, German Anise Christmas Cookies (Springerle), Easy Three-Ingredient Gluten-Free German Christmas Coconut Cookies, German Apple Cake II, Sausage 'n Kraut, North German Gruenkohl (Kale) and Sausage",German
Cuban,60,2592,Cuban Ropa Vieja,16.5,"40, 526, 66, 17, 58, 59, 31, 119, 6, 149, 18, 31, 76, 11, 107, 11, 85, 6, 56, 1, 60, 33, 0, 8, 116, 12, 6, 1, 24, 143, 14, 72, 70, 2, 51, 43, 145, 51, 16, 2, 4, 8, 15, 2, 39, 13, 13, 2, 10, 1, 1, 21, 66, 3, 1, 0, 4, 1, 44, 2",4.5,"4.3, 4.4, 4.9, 4.9, 4.3, 4.5, 4.5, 4.8, 5.0, 4.7, 5.0, 4.3, 4.9, 4.8, 4.7, 4.6, 4.4, 4.9, 4.4, 3.0, 4.8, 4.6, 0, 4.5, 4.4, 4.6, 4.7, 4.0, 4.8, 4.2, 4.1, 4.9, 4.5, 5.0, 4.5, 4.7, 4.4, 4.7, 4.8, 4.5, 4.3, 4.1, 4.4, 5.0, 4.6, 4.4, 4.2, 4.5, 4.5, 4.0, 5.0, 4.1, 4.5, 4.7, 5.0, 0, 4.3, 4.0, 4.1, 5.0","Virgin Strawberry Daiquiri, Cuban Ropa Vieja, Chef John's Cuban Sandwich, Easy Mojitos, Cuban-Style Yuca, Chef John's Cuban Bread, Cuban Mojito, Cuban-Style Roast Pork, Rabo Encendido (Cuban Oxtail Stew), Classic Cuban Midnight (Medianoche) Sandwich, Ropa Vieja (Cuban Beef), Instant Pot® Cuban-Style Black Beans, Chef John's Grilled Mojo Beef, Slow Cooker Mojo Pork, Cuban Marinated Steak, Boliche (Cuban Pot Roast), Cuban Shredded Pork, Mojo Shrimp, Arroz con Leche, Easy Cuban Salad, Cuban Chicken, Cuban-Style Picadillo, 10 Traditional Cuban Recipes with Big Flavor, Cuban Black Bean Soup in the Slow Cooker, Havana Slow Cooker Pork Tenderloin, Cuban Inspired Millet, Patron Mojito, Vaca Frita (Pan-Fried Beef), Abuela's Picadillo, Cuban Beans and Rice, Chicken Ropa Vieja, Pacific Cuban Black Beans and Rice, Cuban Picadillo, Cuban Tamales, Cuban Smoked Sausage with Chickpeas, Chef John's Picadillo, Cuban Black Beans II, Mojo Pollo Asada (Roast Chicken), Mojito Perfecto, Slow Cooker Cuban Pork, Baked Cuban Chicken, Cucumber Chili Salad, Lomo de Res, Cuban-Style Rib-Eye Steaks, Cuban Chicken Sandwich, Avocado-Lime Shrimp Salad (Ensalada de Camarones con Aguacate y Limon), Fricase de Pollo, Rabbit Fricassee Cuban-Style, Cuban-Style Mojo Shrimp, Toasted Cuban Sandwich, Pineapple Mango Daiquiri, Shredded Slow Cooker Cuban Beef, Cuban Banana Casserole, Cuban Pork, Sweet Creme de Vie, Bistec Encebollado (Cuban Steak and Onions), Guava Cuban Pastry (Pastelito de Guayaba), Smokey Vegetarian Cuban Black Bean Soup, Chicharrones de Pollo, Cuban Goulash, Cuban Mini Melts",Cuban
Israeli,21,405,Authentic Middle Eastern Hummus (Chummus),17,"38, 88, 23, 44, 29, 15, 22, 14, 0, 7, 27, 1, 25, 18, 2, 23, 1, 6, 3, 17, 2",4.4,"4.6, 4.3, 4.4, 4.4, 4.3, 4.5, 4.7, 4.8, 0, 4.6, 4.4, 4.0, 4.2, 4.8, 3.5, 4.3, 5.0, 4.1, 4.3, 3.9, 5.0","Middle Eastern Kibbeh, Authentic Middle Eastern Hummus (Chummus), Moroccan Shabbat Fish, Israeli Tomato and Cucumber Salad, Foolproof Potato Latkes, Cheese Bourekas, Shakshuka (Middle Eastern Breakfast Dish), Apple and Honey Sorbet, 10 Israeli Condiments Everyone Should Be Using, Fast and Easy Israeli Tahini Cookies, Whole Rice and Lentils (Majadara), Curried Israeli Couscous, Tahini Butter Cookies, Eggplant, Roasted Pepper and Chicken Pitas, Yummy Matzo Rolls, California Style Israeli Salad, Israeli Charoset, Shakshooka, Fresh Israeli Salad, Apples in Pajamas, Creamy Israeli-Style Hummus",Israeli
Finnish,16,526,Cornish Finnish Michigan Pasties,17.0,"31, 152, 50, 116, 0, 31, 14, 70, 18, 1, 16, 20, 4, 2, 0, 1",4.5,"4.5, 4.5, 4.6, 4.7, 0, 4.6, 4.4, 4.2, 4.5, 4.0, 4.4, 4.7, 5.0, 4.0, 4.0, 5.0","Finnish Pannu Kakku, Cornish Finnish Michigan Pasties, Finnish Nissua, Finnish Kropser (Baked Pancakes), Bread Cheese Is the Best Cheese You Haven't Tried Yet, Karelian Pies (Karjalanpiirakka), Finnish-Style Mojakka, Finnish Meatballs (Lihapyorykoita), Finnish Turnip Casserole, Kropsua (Finnish Pancake), Finnish Summer Soup, Finnish Blueberry Pie, Finnish-American Flatbread, Pannukakku (Finnish Oven Pancake), Finnish Runeberg Tortes, Finnish Oven Pancakes",Finnish
Thai,60,12990,Curried Coconut Chicken,66.0,"221, 573, 827, 1293, 218, 127, 558, 1111, 413, 185, 2800, 449, 222, 368, 59, 138, 492, 39, 158, 164, 9, 12, 29, 0, 8, 5, 118, 377, 3, 54, 0, 33, 6, 33, 0, 44, 233, 19, 9, 61, 71, 40, 5, 7, 2, 21, 6, 88, 24, 16, 76, 278, 169, 2, 192, 73, 316, 3, 26, 107",4.45,"4.3, 4.4, 4.8, 4.6, 4.5, 4.3, 4.0, 4.5, 4.6, 4.7, 4.5, 4.6, 3.9, 4.5, 4.8, 4.7, 4.3, 4.8, 4.8, 3.7, 5.0, 4.6, 4.3, 0, 4.1, 4.9, 4.1, 3.9, 4.8, 4.3, 0, 4.3, 4.3, 4.5, 0, 4.8, 4.4, 3.5, 4.1, 4.4, 4.6, 3.7, 5.0, 5.0, 5.0, 4.3, 4.6, 4.4, 4.7, 4.9, 4.6, 4.1, 4.4, 5.0, 4.3, 4.4, 4.4, 4.8, 4.7, 4.4","Authentic Pad Thai, Asian Coconut Rice, Spicy Thai Basil Chicken (Pad Krapow Gai), The Best Thai Coconut Soup, Thai Sweet Sticky Rice With Mango (Khao Neeo Mamuang), Chicken Massaman Curry, Pad Thai, Peanut Butter Noodles, Thai Green Curry Chicken, Panang Curry with Chicken, Curried Coconut Chicken, Thai Cucumber Salad, The Best Thai Peanut Sauce, Thai Pineapple Chicken Curry, How to Make Beef Satay, Thai Spicy Basil Chicken Fried Rice, Chicken Satay, How to Make Peanut Dipping Sauce, Thai Steamed Mussels, Thai Chicken, Thai Dipping Sauce for Spring Rolls (Nam Jim Po Piah), Nong's Khao Man Gai, Stir-Fried Mushrooms with Baby Corn, Everything You Need to Know About Curry Paste, Slow Cooker Chicken Massaman Curry, Authentic Thai Green Curry, Thai Chicken Curry in Coconut Milk, Thai Red Chicken Curry, Homemade Tom Yum Soup, Authentic Pad Thai Noodles, Everything You Need to Know About Cooking With Lime Leaves, Instant Pot® Red Thai Curry Chicken, Easy Mango Salad, Thai Monkfish Curry, 11 Thai Red Curry Recipes, Thai Hot and Sour Soup, Tom Ka Gai (Coconut Chicken Soup), Thai Coffee, Thai-Style Fragrant Rice, The Best Thai Curry-Peanut Sauce, Chef John's Drunken Noodles, Quick and Easy Thai Style Coleslaw, Instant Pot Thai-Style Green Curry Chicken, Khao Soi Soup, Classic Chicken Pad Thai, Thai Fried Rice with Pineapple and Chicken, Thai-Style Ground Pork Skewers, Thai Noodles, Thai Carrot Salad, Thai Red Curry Chicken Soup, Authentic Thai Coconut Soup, Slow Cooker Thai Peanut Pork, Thai Pork with Peanut Sauce, Thai Beef Curry, Thai Chicken Balls, Curry Pineapple Fried Rice, Thai Chicken with Basil Stir Fry, Ajad (Authentic Thai Cucumber Salad), Thai Chicken Noodle Soup, Thai Ground Chicken Basil",Thai
Indian,60,19015,Chicken Tikka Masala,86.0,"3, 251, 227, 8, 13, 506, 29, 16, 938, 1, 172, 162, 252, 917, 1967, 1118, 49, 1444, 1, 987, 2257, 112, 1637, 999, 15, 165, 89, 79, 73, 127, 30, 1142, 412, 8, 186, 290, 65, 110, 55, 72, 3, 195, 193, 52, 14, 84, 88, 5, 159, 18, 6, 115, 42, 36, 52, 64, 41, 832, 32, 0",4.5,"4.0, 4.6, 4.4, 4.6, 5.0, 4.5, 4.8, 4.8, 4.7, 5.0, 4.8, 4.7, 4.5, 4.7, 4.7, 4.3, 4.1, 4.8, 3.0, 4.5, 4.4, 4.6, 4.9, 4.5, 4.9, 4.4, 4.0, 4.8, 4.9, 4.3, 4.4, 4.6, 4.8, 3.3, 4.5, 4.5, 4.5, 4.7, 4.7, 4.4, 4.6, 4.7, 4.6, 4.3, 4.4, 4.6, 3.8, 3.6, 4.5, 4.3, 4.1, 4.4, 4.4, 4.0, 4.9, 4.2, 4.5, 4.5, 4.6, 0","Chicken Bhuna, Keema Aloo (Ground Beef and Potatoes), Tandoori Chicken, Green Onion Garlic Naan Bread, Chef John's Mulligatawny Soup, Slow Cooker Butter Chicken, Butter Chicken (Murgh Makhani), Quick Whole Wheat Chapati, Indian Chicken Curry (Murgh Kari), Gajar Ka Halwa (Carrot Halwa), Easy Garam Masala, Indian Chapati Bread, Indian Style Basmati Rice, Easy Indian Butter Chicken, Naan, Indian Chicken Curry, Easy Curry Sauce, Mulligatawny Soup, Chili Garlic (Homemade) Paneer, Chicken Makhani (Indian Butter Chicken), Chicken Tikka Masala, Authentic Saag Paneer, Curry Stand Chicken Tikka Masala Sauce, Red Lentil Curry, Tandoori Masala Spice Mix, Chana Masala (Savory Indian Chick Peas), Indian Saag, Vegan Sweet Potato Chickpea Curry, Haldi Ka Doodh (Hot Turmeric Milk), Chicken Biryani, Chai Tea Latte, Vegetarian Korma, Chef John's Chicken Tikka Masala, Indian Spiced Onions, Beef Samosas, Indian Shrimp Curry, Chicken Saag, Indian-Style Seekh Kebab, Easy Two-Ingredient Naan, Spicy Indian Green Beans, Gujarati Style, Chicken Madras, Authentic Chicken Tikka Masala, Indian Fish Curry, Punjabi Chicken in Thick Gravy, Goan Pork Vindaloo, Crispy Vegetable Pakoras, Easy Chicken Curry, Gujarati Kadhi, Kheer (Rice Pudding), Indian Lassi, Air Fryer Pakoras, Indian Saffron Rice, Mild Curry Powder, Chicken Vindaloo, Creamy Cashew Chicken Curry, Bengali Chicken Curry with Potatoes, Easy Palak Paneer, Spicy Vegan Potato Curry, Easy Baked Indian Samosas, 17 Dishes to Serve With Chapati",Indian
Argentinian,28,653,Chimichurri Sauce,4.5,"5, 189, 52, 8, 0, 2, 1, 90, 1, 8, 38, 26, 17, 2, 4, 1, 1, 2, 54, 3, 120, 2, 9, 1, 0, 0, 5, 12",4.4,"5.0, 4.6, 4.4, 4.7, 0, 5.0, 4.5, 4.2, 5.0, 4.1, 4.3, 4.4, 4.2, 5.0, 4.4, 5.0, 4.0, 4.5, 4.4, 5.0, 4.2, 4.5, 4.3, 4.0, 0, 0, 3.4, 4.3","Easy Chimichurri, Chimichurri Sauce, Alfajores Argentinean Style, Authentic Empanada Pastry Dough, What Is Dulce de Leche and How Do You Make It?, Chimichurri Roasted Potatoes, Beef Empanadas, Argentine Meat Empanadas, Empanadas Salteñas, Chipas (Argentinean Cheese Bread), Rosemary Steak, Argentinean Potato Salad, Argentinian-Style Ribs, Gluten-Free Sandwich Cookies with Dulce de Leche (Alfajores), Empanadas Abiertas de Humita (Creamy Corn Empanadas), Easy Chimichurri Sauce, Beef Empanadas with Olives and Raisins, Argentinean Chimichurri Sauce, Dulce de Leche, Authentic Chimichurri, Argentine Lentil Stew, Chimichurri Marinade, Squash and Kohlrabi Empanadas, Argentinian Steak with Red Chimichurri, After Traveling Around the World, These Are 10 Condiments I Keep in My Kitchen, Quince Empanadas, Argentine Corn Pie, Chimichurri Muy Pefecto",Argentinian
Peruvian,39,594,Peruvian Chicken Soup (Aguadito de Pollo),8,"15, 13, 39, 1, 76, 8, 53, 0, 2, 7, 6, 5, 9, 23, 34, 21, 4, 28, 21, 7, 53, 2, 24, 15, 0, 48, 1, 8, 12, 3, 2, 8, 0, 37, 1, 0, 6, 2, 0",4.4,"4.7, 4.9, 4.2, 5.0, 4.5, 5.0, 4.8, 0, 4.7, 4.6, 5.0, 4.1, 4.6, 4.6, 3.6, 4.7, 4.4, 3.8, 4.6, 4.5, 4.5, 3.0, 4.4, 4.6, 0, 4.5, 3.0, 4.3, 4.3, 4.3, 4.5, 4.1, 0, 4.3, 3.0, 0, 4.2, 5.0, 0","Peruvian Chicha Morada Drink, Lomo Saltado (Peruvian Steak Stir-Fry), Aji de Gallina, Huancaina Sauce, Peruvian Chicken Soup (Aguadito de Pollo), Pollo a la Brasa (Peruvian Grilled Chicken), Roast Peruvian Turkey, This Peruvian Chicken Is the Best Roast Chicken You'll Ever Eat, Pisco Sour Cocktail, Alfajores (Dulce de Leche Sandwich Cookies), Peruvian Potato-Chicken Salad (Causa Rellena), Suspiro Limeño, Peruvian Causa, Pisco Sour, Peruvian Cilantro Rice, Air-Fried Peruvian Chicken Drumsticks with Green Crema, Empanada Filling, Spicy Peruvian Pork, Peruvian Aji-Style Sauce, Peruvian Pickled Onions (Salsa Criolla), Arroz con Pollo Perunao (Peruvian Rice with Chicken), Peruvian Alfajores with Manjar Blanco, Arroz Tapado (Rice-On-Top), Peruvian Pineapple Chicken (Pollo a la Pina), Peruvian Aji Verde, Bill's Peruvian Chicken and Rice, Pollo Saltado (Peruvian-Style Chicken Stir-Fry), Saltado de Vainitas (Peruvian Green Beans with Chicken), Peruvian Locro (Butternut Squash), Lemon Pisco Sour, Peruvian Arroz con Pollo (Peruvian Rice and Chicken), Citrus Ceviche, After Traveling Around the World, These Are 10 Condiments I Keep in My Kitchen, Red Salad, Mango Ceviche, Chupe (Peruvian Shrimp Chowder), Arroz con Pollo (Peruvian Style), Grilled Pollo a la Brasa, Vegetarian Huevo Saltado",Peruvian
Scandinavian,60,6391,Mom's Buttermilk Pancakes,31.5,"350, 58, 67, 27, 126, 610, 380, 20, 1015, 24, 33, 125, 168, 26, 215, 173, 480, 52, 16, 28, 48, 16, 26, 3, 26, 110, 221, 13, 16, 107, 31, 2, 152, 7, 50, 52, 116, 129, 391, 0, 208, 9, 4, 32, 13, 44, 18, 103, 3, 0, 16, 25, 8, 8, 7, 33, 31, 1, 16, 303",4.6,"4.4, 4.6, 4.4, 4.9, 4.7, 4.7, 4.3, 4.5, 4.3, 4.3, 4.8, 4.8, 4.8, 4.5, 4.6, 4.6, 4.6, 4.6, 4.6, 4.6, 4.4, 4.8, 4.5, 4.5, 4.4, 4.6, 4.2, 4.6, 4.6, 4.6, 4.5, 4.0, 4.5, 4.9, 4.6, 4.5, 4.7, 4.7, 4.1, 0, 3.4, 4.9, 5.0, 4.6, 4.1, 4.4, 4.7, 4.7, 3.8, 5.0, 4.6, 4.6, 3.5, 4.9, 4.4, 4.5, 4.6, 4.0, 4.6, 4.4","Easy Swedish Meatball Sauce, Authentic Swedish Pancakes, Norwegian Lefse, Old-Fashioned Swedish Glögg, Aebleskiver, Swedish Meatballs (Svenska Kottbullar), Hasselback Potatoes, Norwegian Krumkake, Mom's Buttermilk Pancakes, Traditional Swedish Pepparkakor, Norwegian Potato Lefsa, Danish Kringle, Finnish Pulla, Frikadeller (Danish Meatballs), Easy Swedish Apple Pie, Pannekaken (Norwegian Pancakes), Chef John's Swedish Meatballs, Swedish Chocolate Balls (or Coconut Balls), Finnish Pancakes, Potato Klubb (Norwegian Potato Dumplings), Danish Almond Puff, Swedish Christmas Glogg, Norwegian Butter Sauce (Sandefjordsmor), DIY Finnish Lonkero (a.k.a. Long Drink), Jansson's Temptation (Janssons Frestelse), Danish Pastry Apple Bars, Easy Swedish Pancakes, Original Kumla Recipe from Mom, Swedish Tea Ring, Swedish Sticky Chocolate Cake (Kladdkaka), Finnish Pannu Kakku, Kransekake (Norwegian Almond Ring Cake), Cornish Finnish Michigan Pasties, Swedish Chocolate Balls (Chokladbollar), Finnish Nissua, Danish Cinnamon Snails, Finnish Kropser (Baked Pancakes), Swedish Apple Pie, Swedish Meatballs I, Bread Cheese Is the Best Cheese You Haven't Tried Yet, The Amazing Swedish Meatball, Norwegian Potato Flatbread (Lefse), Healthier Swedish Meatballs, Swedish Meatballs with Creamy Dill Sauce, Fattigmann, Sweet and Sour Red Cabbage, Gravlox, Scandinavian Almond Bars, Kroppkakor - Swedish Potato Dumplings, Lutefisk, Fårikål, Swedish Cream Wafers, Swedish Hard Tack, Swedish Glogg, Arvidson Swedish Pancakes, Norwegian Potato Klub, Karelian Pies (Karjalanpiirakka), Glogi, Swedish Pickled Cucumbers, Torsk (Scandinavian Cod)",Scandinavian
Canadian,60,6582,Boneless Buffalo Wings,46.5,"279, 723, 60, 383, 205, 75, 109, 122, 169, 103, 367, 102, 101, 143, 38, 45, 30, 31, 60, 92, 370, 30, 41, 21, 21, 43, 221, 14, 117, 26, 122, 214, 44, 89, 198, 16, 17, 87, 66, 2, 37, 6, 37, 47, 46, 225, 23, 8, 3, 12, 10, 11, 4, 26, 679, 246, 21, 16, 24, 105",4.55,"4.6, 4.8, 4.9, 4.7, 4.7, 4.4, 4.8, 4.7, 4.4, 4.5, 4.6, 4.8, 4.6, 4.7, 4.5, 4.9, 4.9, 4.4, 4.4, 4.6, 4.4, 3.9, 4.3, 4.6, 4.3, 4.6, 4.6, 4.9, 4.3, 4.2, 4.6, 4.7, 4.3, 4.4, 4.7, 4.2, 4.8, 4.5, 4.8, 5.0, 4.8, 4.2, 4.4, 4.2, 4.5, 4.3, 4.7, 5.0, 4.0, 4.2, 4.2, 4.5, 4.0, 4.9, 4.6, 4.5, 3.9, 4.9, 4.2, 4.3","Nanaimo Bars, Boneless Buffalo Wings, Maritime Donair Sauce, Gramma's Date Squares, Jalapeño Jelly, Real Poutine, Best Fried Walleye, Jamaican Style Curry Chicken, French Canadian Tourtière, Pure Maple Candy, Dash's Donair, Tourtière (French Canadian Meat Pie), Apple Cinnamon Oatmeal Muffins, Canadian Yellow Split Pea Soup with Ham, Sauteed Fiddleheads, Instant Pot Baked Beans, Elk Steak Marinade, Newfoundland Jigg's Dinner, The Original Donair From the East Coast of Canada, Crispy Ginger Beef, Christmas Brunch Casserole, Donair, Nova Scotian Hodge Podge, Crispy Fried Smelts, Sex-in-a-Pan, Chômeur's Pudding, Tourtière (French Canadian Meat Pie), Old-Time Mincemeat Pie, Real French Crepes, Pork Pie, Lobster Rolls, Butter Tarts, Cretons, Brown Sugar Pie I, Canadian Pork Loin Chops, Favorite Fry Bread Tacos, Baked Taco Dip, Garlic Prawns, Mom's Nova Scotia Seafood Chowder, Sesame Jellyfish Salad, Thera's Canadian Fried Dough, Canadian Walleye (Pickerel), Miraculous Canadian Sugar Pie, Baked Chicken In a Sweet BBQ Sauce, Northern Ontario Partridge (Ruffed Grouse), Apple Crisp Cups, Italian-Style Bruschetta, Dave Matthews, Celery Herb Stuffing and Savory Chicken, Pouding Chomeur, Perfectly Dry Roasted Chickpeas, Poutine Gravy, Rappie Pie, Maple Butter Tarts, Greek Lemon Chicken and Potato Bake, Garlic Dill New Potatoes, Raisin Butter Tarts, Newfoundland-Style Pea Soup, Flapper Pie, Browned Butter Banana Bread",Canadian
South,16,189,Zimbabwean Chicken and Vegetable Soup,6.5,"10, 20, 33, 8, 3, 20, 1, 1, 27, 3, 42, 3, 2, 1, 10, 5",4.55,"4.5, 4.8, 4.6, 4.0, 4.3, 4.7, 4.0, 4.0, 4.6, 4.3, 4.7, 5.0, 4.5, 5.0, 3.9, 4.7","Cape Malay Pickled Fish, Tomato Bredie, South African Malvapoeding (Marshmallow Pudding), South African Brown Pudding, Ginger Malva Pudding, Pumpkin Soufflé Casserole, Chakalaka, South African-Inspired Butternut Soup, Gisela's Butternut Squash Soup, South African Bobotie, Zimbabwean Chicken and Vegetable Soup, Kachumbari, South African Pumpkin Soup with Banana and Curry, South African Instant Milk Tart, South African Lamb Sosaties (Kebabs), Spicy Potato Noodles (Bataka Sev)",South
Chinese,60,18696,Szechwan Shrimp,119.0,"32, 284, 1594, 88, 287, 67, 986, 451, 905, 862, 159, 101, 413, 155, 117, 103, 1054, 83, 290, 771, 182, 303, 811, 67, 3, 53, 92, 167, 0, 1473, 48, 116, 14, 293, 68, 132, 112, 75, 2359, 53, 6, 773, 133, 329, 8, 60, 231, 82, 239, 151, 12, 65, 68, 314, 600, 29, 77, 121, 102, 73",4.5,"4.2, 4.4, 4.5, 4.7, 4.6, 4.5, 4.3, 4.5, 4.7, 4.6, 4.8, 4.5, 4.5, 4.4, 4.4, 4.4, 4.8, 4.4, 4.5, 4.6, 4.7, 4.4, 4.5, 4.5, 5.0, 4.8, 4.6, 4.4, 0, 4.4, 4.7, 4.1, 4.3, 4.3, 4.6, 4.4, 4.5, 4.4, 4.4, 4.4, 4.5, 4.5, 3.9, 4.6, 4.5, 4.2, 4.5, 4.8, 4.6, 4.0, 4.8, 4.1, 4.4, 4.0, 4.3, 4.3, 4.8, 4.3, 4.6, 4.4","Chinese Tea Leaf Eggs, Quick Beef Stir-Fry, Asian Orange Chicken, Perfect Pot Stickers, Pork Dumplings, Super Easy Stir-Fried Cabbage, Kung Pao Chicken, Honey Walnut Shrimp, Sweet and Sour Pork, Mongolian Beef and Spring Onions, Chinese Pork Dumplings, Char Siu (Chinese BBQ Pork), Grilled Asian Chicken, Chinese Steamed Buns, Shrimp Egg Foo Young, Chinese Spareribs, General Tso's Chicken, Easy Chinese Corn Soup, Wonton Soup, Chinese Pepper Steak, Authentic Chinese Egg Rolls (from a Chinese person), General Tao Chicken, Restaurant Style Egg Drop Soup, Chinese Chicken Wings, Moo Shu Chicken, Velveting Chicken Breast, Chinese Restaurant Style, Crispy Ginger Beef, Easy Chinese Fried Noodles, Chinese Black Bean Sauce, Chinese Chicken Fried Rice, Spicy Szechuan Green Beans, Quick Chinese-Style Vermicelli (Rice Noodles), Daddy's Shrimp Toast, Chinese Chicken Fried Rice, Bang Bang Chicken, Shrimp with Lobster Sauce, Pork Lo Mein, Moo Goo Gai Pan, Szechwan Shrimp, Chinese Broccoli, Taiwanese Popcorn Chicken, Crispy Orange Beef, Szechuan Beef, Super-Simple, Super-Spicy Mongolian Beef, Broccoli and Carrot Stir Fry, Green Onion Cakes, Chinese Eggplant with Garlic Sauce, Chinese Barbeque Pork (Char Siu), Sweet and Sour Pork Tenderloin, Hong Kong Style Egg Tarts, Easy Fried Chinese Chicken Balls, Chinese Green Bean Stir-Fry, Beef with Vegetables, Slow Cooker Mongolian Beef, Black Pepper Beef and Cabbage Stir Fry, Stir-Fried Mushrooms with Baby Corn, Steamed Fish with Ginger, Stir-Fry Pork with Ginger, Chinese Lion's Head Soup, Pork Chop Suey",Chinese
Cajun,60,18616,Creamy Cajun Chicken Pasta,130.5,"858, 1034, 310, 348, 62, 1980, 24, 528, 131, 206, 866, 454, 622, 430, 147, 2117, 54, 208, 587, 178, 311, 353, 107, 219, 269, 9, 37, 906, 35, 114, 28, 166, 23, 23, 145, 19, 236, 110, 0, 123, 36, 41, 3, 1, 0, 3, 67, 2135, 130, 770, 351, 52, 66, 24, 8, 239, 0, 91, 80, 142",4.7,"4.7, 4.5, 4.8, 4.8, 4.8, 4.7, 4.6, 4.7, 4.7, 4.6, 4.7, 4.8, 4.7, 4.4, 4.8, 4.5, 4.7, 4.6, 4.5, 4.6, 4.6, 4.5, 4.5, 4.7, 4.7, 3.7, 4.6, 4.7, 4.8, 4.5, 4.5, 4.0, 4.6, 4.7, 4.7, 3.7, 4.8, 4.7, 0, 4.2, 4.7, 4.1, 5.0, 5.0, 0, 5.0, 4.6, 4.7, 4.7, 4.7, 4.6, 4.4, 4.5, 4.4, 4.7, 4.7, 0, 4.7, 4.7, 4.8","Best Jambalaya, Authentic Louisiana Red Beans and Rice, Cajun Spice Mix, Creole Seasoning Blend, Deep-Fried Turkey, Cajun Chicken Pasta, Louisiana Crawfish Boil, Cajun Chicken and Sausage Gumbo, Blackened Seasoning Mix, Blackened Fish, Blackened Salmon Fillets, Chef John's Shrimp Étouffée, Chef John's Sausage & Shrimp Jambalaya, Easy Red Beans and Rice, Authentic New Orleans Red Beans and Rice, Colleen's Slow Cooker Jambalaya, Cajun Blackened Catfish, Cajun-Style Blackened Snapper, Easy Cajun Jambalaya, Blackened Tuna, Louisiana Shrimp Creole, Cajun Chicken, Simple Cajun Seasoning, Remoulade Sauce à la New Orleans, Buffalo Shrimp, Cajun Boudin, Creole Chitterlings (Chitlins), Cajun Seafood Pasta, Cajun Deep-Fried Turkey, Crispy Fried Fish, Easy Sausage and Shrimp Gumbo, Louisiana Red Beans and Rice, Andouille Sausage, Turducken, Cajun Shrimp, Air Fryer Beignets, Deep-Fried Turkey Marinade, Crawfish Fettuccine I, What Is the Holy Trinity of Cajun Cooking?, Shrimp and Okra Gumbo, Cajun Ponchartrain Sauce, Okra Gumbo, Creamy Cajun Shrimp and Sausage Pasta, Cajun Shrimp and Sausage Pasta Bake, What's the Difference Between Gumbo and Jambalaya?, Cajun Pastalaya, Easy Creole Okra and Shrimp, Creamy Cajun Chicken Pasta, Cajun Style Stuffed Peppers, Bubba's Jambalaya, Oven Baked Jambalaya, Crawfish Cornbread, Seafood Gumbo, Spicy Cajun Cabbage, Chicken Etouffee, Cajun Style Meatloaf, 8 Andouille Sausage Recipes You'll Love, Shrimp, Sausage, and Fish Jambalaya, Husband's Grandmother's Shrimp Gumbo, Cajun Corn and Crab Bisque",Cajun
Colombian,8,32,Colombian Ají,2.0,"1, 18, 0, 3, 0, 5, 5, 0",4.05,"4.5, 4.7, 0, 5.0, 0, 4.3, 3.8, 0","Aji (Colombian Salsa), Colombian Ají, 9 Warm and Crispy Arepa Recipes, Patacones de Colombia (Fried Plantains), Arepas de Huevos, Colombian Turmada Potatoes (Papa Turmada), Colombian Ahuyama Soup, Roscones",Colombian
Filipino,60,2200,Quick and Easy Pancit,9.5,"60, 376, 65, 301, 0, 18, 19, 109, 45, 3, 27, 7, 136, 0, 40, 9, 39, 48, 8, 5, 10, 42, 39, 1, 3, 9, 5, 48, 23, 2, 5, 2, 76, 1, 2, 2, 7, 71, 24, 3, 26, 2, 16, 3, 9, 12, 1, 26, 1, 2, 3, 32, 6, 9, 91, 36, 5, 52, 174, 4",4.4,"4.8, 4.3, 4.6, 4.3, 0, 4.7, 4.5, 4.4, 4.4, 4.4, 4.6, 4.9, 4.7, 0, 3.5, 4.1, 4.3, 4.7, 4.6, 3.8, 4.9, 3.8, 4.3, 4.0, 4.0, 4.6, 4.1, 4.7, 3.3, 4.3, 4.5, 4.0, 4.4, 5.0, 4.0, 4.5, 4.6, 4.4, 4.8, 4.7, 4.8, 4.0, 4.5, 4.0, 3.6, 4.7, 4.0, 4.1, 3.0, 3.8, 5.0, 4.6, 5.0, 4.7, 4.2, 4.6, 4.0, 4.7, 4.3, 3.9","Chicken Arroz Caldo (Chicken Rice Porridge), Quick and Easy Pancit, Chicken Tinola, Famous Chicken Adobo, Atchara (Filipino Pickled Red Cabbage), Pinakbet, Pork Sinigang, Lumpia (Shanghai Version), Cassava Cake, Lumpia in the Air Fryer, Filipino Beef Steak, Atsara (Papaya Relish), Traci's Adobo Seasoning, Learn the Filipino Trick for Measuring Water for Rice, Empanada Dough, Adobong Pusit (Squid Adobo), Ginataang Manok (Chicken Cooked in Coconut Milk), Goat Stew, Filipino Lechon Kawali, Buchi, Filipino Beef Giniling (Afritada Style), Ube-Macapuno Cake, Filipino Lumpia, Sinigang na Bangus (Filipino Milkfish in Tamarind Broth), Siopao (Filipino Steamed Buns), Champorado, Beef Nilaga, Filipino Avocado Milkshake, Siopao (Filipino Steamed Dumplings), Kwek Kwek (Filipino Street Food), Chewy Coconut Bibingka (Filipino Rice Cake), Filipino Steamed Rice, Cebu Style, Filipino Ribs, Filipino Chicken Sopas, Leche Flan, Sinigang na Isda sa Miso (Fish Stew with Miso), Chicken Afritada (Filipino Stew), Garlic Rice, Instant Pot Filipino Chicken Adobo, Pochero, Mamon (Sponge Cakes), Filipino Baked Milkfish (Baked Bangus), Biko, Filipino-Style Congee (Lugaw), Coconut Sauce, Paksiw na Pata (Pig's Feet Stew), Filipino Fish Escabeche, Fish Sinigang (Tilapia) - Filipino Sour Broth Dish, Bistek (Filipino Beef Steak), Karioka Sweet Rice Balls, Philippine Longanisa de Eugenio (Sweet Sausage), Mongo Guisado (Mung Bean Soup), Authentic Filipino Pancit, Filipino Corned Beef and Cabbage, Pan De Sal I, Sinigang na Baka, Caldereta (Filipino Beef Stew), Lolah's Chicken Adobo, Grilled Chicken Adobo, Pork and Chicken Adobo",Filipino
Indonesian,22,904,Indonesian Satay,15.5,"351, 7, 18, 0, 22, 28, 6, 11, 46, 18, 13, 33, 1, 28, 232, 61, 6, 19, 0, 4, 0, 0",4.4,"4.6, 4.6, 4.7, 0, 4.8, 4.2, 4.4, 4.6, 4.5, 4.1, 4.2, 4.5, 5.0, 4.1, 4.4, 4.7, 4.1, 4.5, 0, 4.4, 0, 0","Indonesian Satay, Spicy Tomato Chicken (Ayam Masak Merah), Chef John's Beef Rendang, What's the Difference Between Sambal Oelek and Other Chili Pastes?, Nasi Goreng (Indonesian Fried Rice), Pisang Goreng (Indonesian Banana Fritters), Kecap Manis (Sweet Soy Sauce), Indonesian Chicken Skewers with Peanut Sauce (Satay Ayam), Mie Goreng - Indonesian Fried Noodles, Chicken In Coconut Sauce, Cap Cai, Indonesian Spiced Rice, Sop Buntut (Indonesian Oxtail Soup), Jemput Jemput (Banana Fritters), Erin's Indonesian Chicken, Indonesian Pork Satay, Spicy Sambal Shrimp, Prawn Nasi Goreng, Opor Ayam (Chicken in Coconut Milk), Telur Balado (Spicy Chile Sauce with Eggs), This Indonesian Soy Sauce Is My Pantry Hero. You'll Love It Too., Indonesian Ratatouille with Tempeh",Indonesian
Swedish,51,3261,Swedish Meatballs (Svenska Kottbullar),14,"610, 380, 24, 480, 52, 16, 26, 107, 7, 391, 4, 32, 44, 3, 25, 8, 7, 16, 7, 5, 17, 14, 57, 26, 0, 10, 2, 3, 2, 7, 69, 68, 18, 20, 12, 1, 1, 8, 2, 2, 30, 3, 1, 11, 5, 19, 2, 498, 14, 2, 93",4.5,"4.7, 4.3, 4.3, 4.6, 4.6, 4.8, 4.4, 4.6, 4.9, 4.1, 5.0, 4.6, 4.4, 3.8, 4.6, 4.9, 4.4, 4.6, 4.7, 4.5, 4.7, 4.4, 4.8, 4.2, 0, 4.6, 4.5, 5.0, 4.5, 4.4, 4.3, 4.5, 4.5, 4.5, 4.6, 4.0, 4.5, 4.4, 5.0, 4.3, 4.5, 4.0, 4.0, 4.3, 4.7, 4.8, 5.0, 4.6, 4.7, 4.5, 4.7","Swedish Meatballs (Svenska Kottbullar), Hasselback Potatoes, Traditional Swedish Pepparkakor, Chef John's Swedish Meatballs, Swedish Chocolate Balls (or Coconut Balls), Swedish Christmas Glogg, Jansson's Temptation (Janssons Frestelse), Swedish Sticky Chocolate Cake (Kladdkaka), Swedish Chocolate Balls (Chokladbollar), Swedish Meatballs I, Healthier Swedish Meatballs, Swedish Meatballs with Creamy Dill Sauce, Sweet and Sour Red Cabbage, Kroppkakor - Swedish Potato Dumplings, Swedish Cream Wafers, Swedish Glogg, Arvidson Swedish Pancakes, Swedish Pickled Cucumbers, Lingonberry Jam, Swedish Limpa Rye Bread, Traditional Swedish Pancakes, Semla, Bread Machine Swedish Coffee Bread, Swedish Ground Almond Spritz Cookies, Ostkaka (Swedish Cheesecake), Swedish Cream, Swedish Cream Cheese Crepes, Semla (Swedish Fat Tuesday Buns), Chokladbiskvier (Swedish Chocolate Meringue Cookies), Swedish Rice Pudding, Swedish Meatballs (From a Swede!), Swedish Spareribs, Swedish Toscas (Swedish Almond Tarts), Mum's Swedish Meatballs, Swedish Klimp, Swedish Pancakes (Vegan), Lancaster Lefsa (Old World Recipe), Swedish Apple Cake, Margareta's Cardamom Cake, Simple Swedish Pancakes, Swedish Cream with Summer Berries, Grandma's Authentic Swedish Meatballs, Authentic Swedish Meatballs, Swedish Nut Bars, Baked Swedish Rice Pudding, Aunt Gun-Marie's Waffles, Swedish Waffle Cookies, Rosenmunnar, Swedish Saffron Buns, Strassburgare, Swedish Nuts",Swedish
